"Estamento","Grado","Titulo.Oficio","Funcion.Cargo","Unidad","BrutoHaber"
"AUXILIARES","23","AUXILIAR","AUXILIAR","UNIDAD DE GESTION DEL CAMPUS",581290
"ACADEMICOS","8","INGENIERO CIVIL EN MECANICA","ACADEMICO","DPTO. DE INVEST. CIENTIFICA",597158
"PROFESOR HORAS CLASES","S/G","CONTADOR PUBLICO Y AUDITOR","HORAS CLASE","DPTO CONTABILIDAD Y AUDITOR",318493
"PROFESOR HORAS CLASES","S/G","CONTADOR PUBLICO Y AUDITOR","HORAS CLASE","DPTO CONTABILIDAD Y AUDITOR",237296
"PROFESOR HORAS CLASES","S/G","PROFESOR DE MATEMATICAS","HORAS CLASE","DPTO MAT. Y CS. DE LA COMP.",793082
"PROFESOR HORAS CLASES","S/G","HORAS CLASE","HORAS CLASE","DPTO INGENIERIA ELECTRICA",500255
"ADMINISTRATIVO","16","SECRETARIO(A) B","SECRETARIO(A) B","ESCUELA DE PSICOLOGIA",865120
"PROFESIONALES","9","PROFESOR DE EDUCACION MEDIA EN INGLES","ANALISTA DE PROYECTOS","FACULTAD DE INGENIERÍA",1747070
"TECNICO","17","EJECUTIVA SECCION COBRANZAS","EJECUTIVA SECCION COBRANZAS","ADM.GRAL. FONDO SOLIDARIO CRED",780275
"ADMINISTRATIVO","17","ADMINISTRATIVO DE PROCESO","ADMINISTRATIVO DE PROCESO","DPTO TRANSFERENCIA TECNOLOGICA",668019
"PROFESOR HORAS CLASES","S/G","PROFESOR DE EDUCACION MEDIA EN INGLES","ANALISTA DE PROYECTOS","DPTO INGENIERIA OBRAS CIVILES",256280
"ACADEMICOS","6","DOCTOR EN CIENCIAS DE LA INGENIERIA CON MENCION EN INGENIERIA DE PROCESOS","JEFE CARRERA LICENC. CS COMP","DPTO MAT. Y CS. DE LA COMP.",2997910
"PROFESIONALES","8","BIOLOGO","PROFESIONAL","VR INVEST. DESARR E INNOVACION",974751
"PROFESIONALES","8","PROFESOR DE ESTADO EN HISTORIA Y CIENCIAS SOCIALES","PROFESIONAL","CITECAMP",1942829
"PROFESOR HORAS CLASES","S/G","PROFESOR DE ESTADO EN HISTORIA Y CIENCIAS SOCIALES","PROFESIONAL","DEPTO DE HISTORIA",196432
"PROFESOR HORAS CLASES","S/G","INGENIERO AGRONOMO","HORAS CLASE","DEPARTAMENTO GESTION AGRARIA",285041
"ACADEMICOS","4","DOCTOR EN CIENCIAS DE LA TIERRA Y MEDIO AMBIENTE. GEOESTADÍSTICA","ACADEMICO","DPTO INGENIERIA EN MINAS",3128764
"TECNICO","13","TECNICO UNIVERSITARIO EN ANALISIS QUIMICO Y FISICO","ENCARGADO TECNICO LABORATORIO","DPTO. QUIMICA DE LOS MATERIALE",1061441
"PROFESOR HORAS CLASES","S/G","INGENIERO DE EJECUCION EN MECANICA","HORAS CLASE","DPTO. TECNOLOGIAS INDUSTRIALES",200138
"PROFESOR HORAS CLASES","S/G","INGENIERO DE EJECUCION EN QUIMICA","HORAS CLASE","DPTO INGENIERIA EN MINAS",1342896
"PROFESOR HORAS CLASES","S/G","INGENIERO DE EJECUCION EN MECANICA","HORAS CLASE","DPTO. TECNOLOGIAS INDUSTRIALES",281335
"PROFESOR HORAS CLASES","S/G","INGENIERO DE EJECUCION EN QUIMICA","HORAS CLASE","DPTO INGENIERIA EN MINAS",308485
"ACADEMICOS","6","INGENIERO CIVIL EN MECANICA","ACADEMICO","VICERRECTORIA ACADÉMICA",2586546
"PROFESOR HORAS CLASES","S/G","INGENIERO CIVIL","HORAS CLASE","DPTO INGENIERIA OBRAS CIVILES",173853
"PROFESOR HORAS CLASES","S/G","ABOGADO(A)","HORAS CLASE","DEPTO DE HISTORIA",191994
"ACADEMICOS","6","MEDICO CIRUJANO","ACADEMICO","ESCUELA DE MEDICINA",2568466
"PROFESOR HORAS CLASES","S/G","INGENIERO DE EJECUCION EN MECANICA","HORAS CLASE","DPTO INGENIERIA MECANICA",256280
"ADMINISTRATIVO","17","SECRETARIO B","SECRETARIO B","DPTO DE ECONOMIA",815430
"ADMINISTRATIVO","15","ASISTENTE DE MANTENCION","ASISTENTE DE MANTENCION","VR. VINCULACION CON EL MEDIO",1023185
"ADMINISTRATIVO","17","SECRETARIO B","SECRETARIO B","CENTRO DE INTEGR ING SOCIEDAD",861435
"TECNICO","13","TECNICO EN ADMINISTRACION DE EMPRESAS","TECNICO CONTABLE","DEPTO. DE FINANZAS Y TESORERIA",896608
"TECNICO","12","SECRETARIA DE APOYO DOCENTE","SECRETARIA DE APOYO DOCENTE","DEPTO DE HISTORIA",1002221
"PROFESOR HORAS CLASES","S/G","HORAS CLASE","HORAS CLASE","DPTO. TECNOLOGIAS INDUSTRIALES",96362
"PROFESOR HORAS CLASES","S/G","HORAS CLASE","HORAS CLASE","DPTO. TECNOLOGIAS INDUSTRIALES",479231
"PROFESOR HORAS CLASES","S/G","ACTOR / ACTRIZ","HORAS CLASE","DPTO LINGUISTICA Y LITERATURA",237296
"PROFESOR HORAS CLASES","S/G","ACTOR / ACTRIZ","HORAS CLASE","DPTO LINGUISTICA Y LITERATURA",243977
"TECNICO","19","ASISTENTE DE MANTENCION","ASISTENTE DE MANTENCION","UNIDAD BIENESTAR DEL PERSONAL",843883
"ACADEMICOS","4","DOUTOR EM ENGENHARIA ELETRICA","ACADEMICO","DPTO INGENIERIA ELECTRICA",3170987
"PROFESOR HORAS CLASES","S/G","PSICOLOGO","HORAS CLASE","DPTO DE ADMINISTRACION",381405
"PROFESOR HORAS CLASES","S/G","PSICOLOGO","HORAS CLASE","DPTO. GESTION Y POLITICAS PUB.",300208
"PROFESOR HORAS CLASES","S/G","PSICOLOGO","HORAS CLASE","DPTO DE ADMINISTRACION",200138
"PROFESIONALES","10","MAGISTER EN INGENIERIA INFORMATICA","ANALISTA INFORMATICO","DPTO INGENIERIA INFORMATICA",1691409
"TECNICO","16","ADMINISTRATIVO DE COBRANZAS","ADMINISTRATIVO DE COBRANZAS","DEPTO. DE FINANZAS Y TESORERIA",871926
"PROFESOR HORAS CLASES","S/G","MAGISTER EN INGENIERIA INFORMATICA","ANALISTA INFORMATICO","DPTO INGENIERIA INFORMATICA",512557
"PROFESOR HORAS CLASES","S/G","HORAS CLASE","HORAS CLASE","DPTO. TECNOLOGIAS GENERALES",117872
"PROFESOR HORAS CLASES","S/G","INGENIERO DE EJECUCION EN COMPUTACION E INFORMATICA","HORAS CLASE","DPTO INGENIERIA INFORMATICA",115813
"PROFESOR HORAS CLASES","S/G","MASTER EN MARKETING Y GESTION COMERCIAL","HORAS CLASE","DPTO  INGENIERIA INDUSTRIAL",359167
"PROFESIONALES","6","PROFESIONAL","PROFESIONAL","VR. VINCULACION CON EL MEDIO",2198961
"PROFESIONALES","10","PSICOLOGA","PROFESIONAL","DEPTO. DESARROLLO DE PERSONAS",1526979
"PROFESIONALES","8","PERIODISTA","PERIODISTA","DEPARTAMENTO DE ESTUDIOS",2014831
"PROFESOR HORAS CLASES","S/G","INGENIERO CIVIL EN MINAS","HORAS CLASE","DPTO INGENIERIA EN MINAS",312448
"PROFESOR HORAS CLASES","S/G","INGENIERO CIVIL EN QUIMICA","HORAS CLASE","DPTO INGENIERIA QUIMICA",364726
"ACADEMICOS","4","DOCTOR EN CIENCIAS DE LA INGENIERIA CON MENCION EN INGENIERIA DE PROCESOS","ACADEMICO","DPTO INGENIERIA ELECTRICA",3213209
"AUXILIARES","23","AUXILIAR","AUXILIAR","UNIDAD DE GESTION DEL CAMPUS",581290
"PROFESIONALES","13","INGENIERO DE EJECUCION EN CLIMATIZACION","PROFESIONAL","DPTO DE GESTIÓN DE LA INFRAEST",1240292
"ADMINISTRATIVO","17","SECRETARIA DE APOYO DOCENTE","SECRETARIA DE APOYO DOCENTE","FACULTAD DE QUIMICA Y BIOLOGIA",718207
"PROFESOR HORAS CLASES","S/G","DOCTOR EN CIENCIAS DE LA INFORMACION","HORAS CLASE","DEPARTAMENTO GESTION AGRARIA",1036542
"PROFESOR HORAS CLASES","S/G","HORAS CLASE","HORAS CLASE","DPTO LINGUISTICA Y LITERATURA",191994
"ACADEMICOS","6","DOCTOR EN CIENCIAS DE LA MOTRICIDAD HUMANA","ACADEMICO","CARRERA LICEN CS. ACTIV. FISIC",1292534
"PROFESOR HORAS CLASES","S/G","PROFESORA DE EDUCACION MEDIA EN ARTES PLASTICAS","HORAS CLASE","DPTO LINGUISTICA Y LITERATURA",253469
"AUXILIARES","23","AUXILIAR","AUXILIAR","UNIDAD DE GESTION DEL CAMPUS",581290
"PROFESOR HORAS CLASES","S/G","FONOAUDIOLOGO","HORAS CLASE","DPTO DE ADMINISTRACION",47863
"PROFESOR HORAS CLASES","S/G","PSICOLOGO","HORAS CLASE","UNIDAD PROMOCIÓN DE LA SALUD",322374
"PROFESOR HORAS CLASES","S/G","INGENIERO DE EJECUCION EN COMPUTACION E INFORMATICA","HORAS CLASE","DPTO MAT. Y CS. DE LA COMP.",253768
"ACADEMICOS","4","MASTER EN HISTORIA ARTE ARQUITECTURA Y CIUDAD","DIR ESC DE ARQUITECTURA","ESCUELA DE ARQUITECTURA",4330158
"PROFESOR HORAS CLASES","S/G","INGENIERO DE EJECUCION EN MECANICA","HORAS CLASE","DPTO  INGENIERIA INDUSTRIAL",458496
"PROFESOR HORAS CLASES","S/G","DOCTOR EN FILOSOFIA CON MENCION EN CIENCIAS FISICAS","HORAS CLASE","DPTO. TECNOLOGIAS INDUSTRIALES",547714
"ACADEMICOS","2","MEDICO CIRUJANO","CONSEJERO FACULTAD","ESCUELA DE MEDICINA",4107559
"PROFESOR HORAS CLASES","S/G","INGENIERO CIVIL EN OBRAS CIVILES","HORAS CLASE","DPTO INGENIERIA OBRAS CIVILES",500255
"PROFESOR HORAS CLASES","S/G","MAGISTER EN ESTADISTICA","HORAS CLASE","DPTO MAT. Y CS. DE LA COMP.",437139
"PROFESIONALES","13","PERIODISTA","PERIODISTA","DEPARTAMENTO DE COMUNICACIONES",1240292
"ADMINISTRATIVO","17","SECRETARIADO COMERCIAL","SECRETARIA ADMINISTRATIVA","DPTO. TECNOLOGIAS GENERALES",918942
"PROFESIONALES","14","INGENIERO DE EJECUCION EN ADMINISTRACION DE EMPRESAS","ANALISTA EN GESTION ADM.","DPTO MAT. Y CS. DE LA COMP.",1513319
"ADMINISTRATIVO","16","SECRETARIA EJECUTIVA TRADUCTORA BILINGUE","SECRETARIA DE APOYO DOCENTE","DPTO INGENIERIA EN MINAS",883835
"PROFESOR HORAS CLASES","S/G","INGENIERO CIVIL","HORAS CLASE","DPTO INGENIERIA OBRAS CIVILES",191994
"PROFESOR HORAS CLASES","S/G","ENFERMERA","HORAS CLASE","ESCUELA DE ENFERMERIA",637453
"PROFESOR HORAS CLASES","S/G","PROFESOR DE EDUCACION GENERAL BASICA","HORAS CLASE","DEPARTAMENTO DE FISICA",584262
"ACADEMICOS","8","CONTADOR PUBLICO Y AUDITOR","ACADEMICO","DPTO. DE INVEST. CIENTIFICA",2161819
"PROFESOR HORAS CLASES","S/G","PROFESOR DE EDUCACION GENERAL BASICA","HORAS CLASE","DEPARTAMENTO DE FISICA",251534
"PROFESIONALES","9","MAGISTER EN EDUCACION CON MENCION EN CURRICULUM Y EVALUACION","JEFE DE LABORATORIO","DPTO. TECNOLOGIAS INDUSTRIALES",1976818
"ADMINISTRATIVO","20","ASISTENTE DE BIBLIOTECA","ASISTENTE DE BIBLIOTECA","FACULTAD DE CIENCIAS MEDICAS",784023
"PROFESIONALES","10","SOCIOLOGO","ANALISTA DE CALIDAD","DIRECCIÓN CALIDAD Y SISTEMAS",1662889
"PROFESIONALES","12","TECNOLOGO EN ADMINISTRACION DE PERSONAL","ANALISTA II","UNIDAD DE COORDINACIÓN INSTIT.",1577192
"ADMINISTRATIVO","16","SECRETARIA DE DEPARTAMENTO","SECRETARIA DE DEPARTAMENTO","CECTA",950292
"PROFESIONALES","9","CONTADOR AUDITOR","JEFE DE SECCION","UNIDAD BIENESTAR DEL PERSONAL",1813696
"TECNICO","18","GASFITER","GASFITER","UNIDAD DE GESTION DEL CAMPUS",1000598
"PROFESOR HORAS CLASES","S/G","MAGISTER EN EDUCACION CON MENCION EN CURRICULUM Y EVALUACION","JEFE DE LABORATORIO","DPTO. TECNOLOGIAS INDUSTRIALES",925451
"PROFESOR HORAS CLASES","S/G","SOCIOLOGO","HORAS CLASE","DPTO INGENIERIA INFORMATICA",130513
"PROFESOR HORAS CLASES","S/G","HORAS CLASE","HORAS CLASE","DPTO  INGENIERIA INDUSTRIAL",448487
"ACADEMICOS","6","MAGISTER EN ARQUITECTURA","DIR DEPTO  TECNO GENERALES","DPTO. TECNOLOGIAS GENERALES",4294332
"PROFESOR HORAS CLASES","S/G","SOCIOLOGO","HORAS CLASE","DPTO INGENIERIA INFORMATICA",342223
"PROFESOR HORAS CLASES","S/G","HORAS CLASE","HORAS CLASE","DPTO INGENIERIA ELECTRICA",529684
"ACADEMICOS","2","MEDICO CIRUJANO","ACADEMICO","ESCUELA DE MEDICINA",3076282
"PROFESOR HORAS CLASES","S/G","MASTER EN ESTADISTICA MATEMATICA","HORAS CLASE","DPTO DE ADMINISTRACION",623648
"PROFESOR HORAS CLASES","S/G","QUIMICO","HORAS CLASE","DPTO. QUIMICA DE LOS MATERIALE",123394
"PROFESOR HORAS CLASES","S/G","QUIMICO","HORAS CLASE","DPTO. QUIMICA DE LOS MATERIALE",253469
"PROFESOR HORAS CLASES","S/G","MAGISTER EN ASENTAMIENTOS HUMANOS Y MEDIO AMBIENTE","HORAS CLASE","PROGRAMA BACHILLERATO",289501
"PROFESOR HORAS CLASES","S/G","HORAS CLASE","HORAS CLASE","ESCUELA DE OBST Y PUERICULTURA",736705
"PROFESOR HORAS CLASES","S/G","PROFESOR DE ESTADO EN HISTORIA Y GEOGRAFIA","HORAS CLASE","DPTO LINGUISTICA Y LITERATURA",300450
"PROFESOR HORAS CLASES","S/G","MAGISTER ARTIUM EN LA MENCION DE HISTORIA","HORAS CLASE","DEPTO DE HISTORIA",375444
"PROFESOR HORAS CLASES","S/G","INGENIERO MATEMATICO","HORAS CLASE","DPTO MAT. Y CS. DE LA COMP.",284651
"PROFESOR HORAS CLASES","S/G","QUIMICO FARMACEUTICO","HORAS CLASE","DEPARTAMENTO DE BIOLOGIA",161283
"PROFESOR HORAS CLASES","S/G","MAGISTER EN ASENTAMIENTOS HUMANOS Y MEDIO AMBIENTE","HORAS CLASE","PROGRAMA BACHILLERATO",440930
"PROFESOR HORAS CLASES","S/G","PROFESOR DE ESTADO EN HISTORIA Y GEOGRAFIA","HORAS CLASE","DPTO LINGUISTICA Y LITERATURA",726123
"PROFESOR HORAS CLASES","S/G","DOCTOR EN ESTUDIOS AMERICANOS ESPECIALIDAD PENSAMIENTO Y CULTURA","HORAS CLASE","ESCUELA DE ARQUITECTURA",209568
"PROFESOR HORAS CLASES","S/G","MAGISTER EN INNOVACION","HORAS CLASE","DPTO. TECNOLOGIAS GENERALES",750601
"ADMINISTRATIVO","17","ADMINISTRATIVO DE REGISTRO CUR","ADMINISTRATIVO DE REGISTRO CUR","FACULTAD DE CIENCIAS MEDICAS",803278
"PROFESOR HORAS CLASES","S/G","INGENIERO CIVIL EN MINAS","HORAS CLASE","DPTO INGENIERIA EN MINAS",285041
"PROFESOR HORAS CLASES","S/G","GEOGRAFO","HORAS CLASE","DPTO INGENIERIA GEOGRAFICA",437139
"PROFESIONALES","10","ANALISTA DE GESTION ESTRATEGIC","ANALISTA DE GESTION ESTRATEGIC","DEPTO. DE GESTION ESTRATEGICA",1678808
"PROFESOR HORAS CLASES","S/G","MAGISTER EN CIENCIAS. MENCION ANATOMIA HUMANA","ACADEMICO","ESCUELA DE MEDICINA",80392
"PROFESOR HORAS CLASES","S/G","MAGISTER EN CIENCIAS. MENCION ANATOMIA HUMANA","ACADEMICO","ESCUELA DE MEDICINA",80392
"PROFESOR HORAS CLASES","S/G","MAGISTER EN CIENCIAS. MENCION ANATOMIA HUMANA","ACADEMICO","ESCUELA DE MEDICINA",66994
"PROFESOR HORAS CLASES","S/G","MAGISTER EN CIENCIAS. MENCION ANATOMIA HUMANA","ACADEMICO","ESCUELA DE MEDICINA",80392
"PROFESOR HORAS CLASES","S/G","PSICOLOGO","HORAS CLASE","ESCUELA DE PSICOLOGIA",41182
"PROFESOR HORAS CLASES","S/G","ARQUITECTO","HORAS CLASE","ESCUELA DE ARQUITECTURA",272453
"PROFESOR HORAS CLASES","S/G","PROFESOR DE ESTADO EN MATEMATICA Y COMPUTACION","HORAS CLASE","DPTO MAT. Y CS. DE LA COMP.",835795
"PROFESOR HORAS CLASES","S/G","MAGISTER EN CIENCIAS. MENCION ANATOMIA HUMANA","ACADEMICO","ESCUELA DE MEDICINA",160786
"PROFESOR HORAS CLASES","S/G","PUBLICISTA CON MENCION EN GESTION CREATIVA","HORAS CLASE","DEPTO. DE PUBLICIDAD E IMAGEN",235799
"PROFESOR HORAS CLASES","S/G","PROFESOR DE ESTADO EN FISICA Y MATEMATICA","HORAS CLASE","DEPARTAMENTO DE FISICA",284651
"PROFESOR HORAS CLASES","S/G","COMUNICADOR AUDIOVISUAL MENCION VIDEO","HORAS CLASE","DEPTO. DE PUBLICIDAD E IMAGEN",451825
"PROFESOR HORAS CLASES","S/G","PUBLICISTA CON MENCION EN GESTION CREATIVA","HORAS CLASE","DEPTO. DE PUBLICIDAD E IMAGEN",231901
"ACADEMICOS","6","MAGISTER EN CIENCIAS. MENCION ANATOMIA HUMANA","ACADEMICO","VICERRECTORIA ACADÉMICA",1973633
"PROFESOR HORAS CLASES","S/G","PSICOLOGO","HORAS CLASE","ESCUELA DE PSICOLOGIA",122379
"ADMINISTRATIVO","15","SECRETARIA DE DEPARTAMENTO","SECRETARIA DE DEPARTAMENTO","DEPARTAMENTO DE COMUNICACIONES",971891
"PROFESIONALES","8","ANALISTA DE PROYECTOS I","ANALISTA DE PROYECTOS I","UNIDAD DESARR. PROYECTOS TECN.",1853672
"TECNICO","14","TECNICO EN ADMINISTRACION FINANCIERA","TECNICO CONTABLE","UNIDAD REGIST. ACAD Y CURRICUL",810361
"ADMINISTRATIVO","10","SECRETARIA DE RECTOR","SECRETARIA DE RECTOR","RECTORIA",1100799
"PROFESOR HORAS CLASES","S/G","PUBLICISTA","HORAS CLASE","DEPTO. DE PUBLICIDAD E IMAGEN",285041
"PROFESOR HORAS CLASES","S/G","PUBLICISTA","HORAS CLASE","DPTO INGENIERIA GEOGRAFICA",261026
"PROFESOR HORAS CLASES","S/G","PUBLICISTA","HORAS CLASE","DEPTO. DE PUBLICIDAD E IMAGEN",203844
"PROFESOR HORAS CLASES","S/G","HORAS CLASE","HORAS CLASE","DPTO INGENIERIA MECANICA",83897
"PROFESOR HORAS CLASES","S/G","PSICOLOGO","HORAS CLASE","ESCUELA DE PSICOLOGIA",555787
"PROFESOR HORAS CLASES","S/G","PSICOLOGO","HORAS CLASE","ESCUELA DE PSICOLOGIA",237296
"ADMINISTRATIVO","20","SECRETARIA(O) C ADMINISTRATIVO","SECRETARIA(O) C ADMINISTRATIVO","FACULTAD DE HUMANIDADES",766708
"PROFESIONALES","10","TECNOLOGO EN ADMINISTRACION DE PERSONAL","JEFE ADMINISTRACION Y FINANZAS","DIRECCIÓN DE POSTGRADO",1622492
"ADMINISTRATIVO","20","ADMINISTRATIVO","ADMINISTRATIVO","ESCUELA DE PSICOLOGIA",620304
"PROFESOR HORAS CLASES","S/G","HORAS CLASE","HORAS CLASE","DPTO. QUIMICA DE LOS MATERIALE",584262
"TECNICO","17","ASISTENTE DE MANTENCION","ASISTENTE DE MANTENCION","DPTO INGENIERIA METALURGICA",1026145
"ACADEMICOS","4","TERAPEUTA OCUPACIONAL","DIRECTORA DPTO FORMAC INTEGRAL","VICERRECTORIA ACADÉMICA",3493212
"PROFESIONALES","12","PERIODISTA","PERIODISTA","RADIOEMISORAS",1595299
"PROFESOR HORAS CLASES","S/G","INGENIERO DE EJECUCION EN ELECTRICIDAD","HORAS CLASE","DPTO. TECNOLOGIAS INDUSTRIALES",343733
"PROFESIONALES","8","ASISTENTE SOCIAL","ASIST SOCIAL BIEN ESTUDIANTIL","FACULTAD DE INGENIERÍA",2137683
"PROFESOR HORAS CLASES","S/G","HORAS CLASE","HORAS CLASE","DEPTO DE HISTORIA",451825
"PROFESIONALES","11","MAGISTER EN CIENCIAS QUIMICAS","ENCARGADO DE LABORATORIO","FACULTAD DE QUIMICA Y BIOLOGIA",1688672
"PROFESOR HORAS CLASES","S/G","MEDICO VETERINARIO","HORAS CLASE","ESCUELA DE MEDICINA",686925
"PROFESOR HORAS CLASES","S/G","MAGISTER EN FINANZAS","HORAS CLASE","DPTO CONTABILIDAD Y AUDITOR",243977
"PROFESOR HORAS CLASES","S/G","INGENIERO DE EJECUCION EN QUIMICA","HORAS CLASE","DPTO. TECNOLOGIAS INDUSTRIALES",243882
"PROFESOR HORAS CLASES","S/G","ADMINISTRADOR PUBLICO","HORAS CLASE","DPTO DE ECONOMIA",199845
"ADMINISTRATIVO","10","REGISTRADOR CURRICULAR","REGISTRADOR CURRICULAR","FACULTAD DE CIENCIAS MEDICAS",1246009
"PROFESOR HORAS CLASES","S/G","MATRON (A)","HORAS CLASE","ESCUELA DE OBST Y PUERICULTURA",563243
"PROFESOR HORAS CLASES","S/G","PROFESOR DE EDUCACION MEDIA EN CASTELLANO","HORAS CLASE","DPTO LINGUISTICA Y LITERATURA",185313
"PROFESOR HORAS CLASES","S/G","DOCTOR OF ENGINEERING SCIENCE","HORAS CLASE","DPTO. TECNOLOGIAS INDUSTRIALES",337477
"PROFESOR HORAS CLASES","S/G","DOCTOR EN QUIMICA","HORAS CLASE","DPTO. CIENCIAS DEL AMBIENTE",458496
"PROFESOR HORAS CLASES","S/G","PROFESOR DE EDUCACION MEDIA EN CASTELLANO","HORAS CLASE","DPTO LINGUISTICA Y LITERATURA",266510
"PROFESOR HORAS CLASES","S/G","PROFESOR DE EDUCACION MEDIA EN CASTELLANO","HORAS CLASE","DPTO LINGUISTICA Y LITERATURA",185313
"PROFESOR HORAS CLASES","S/G","DOCTOR OF ENGINEERING SCIENCE","HORAS CLASE","DPTO. TECNOLOGIAS INDUSTRIALES",512557
"PROFESOR HORAS CLASES","S/G","MAGISTER EN CIENCIA EN LA ESPECIALIDAD DE MATEMATICA","HORAS CLASE","DPTO MAT. Y CS. DE LA COMP.",1050780
"ACADEMICOS","6","DOCTOR EN CIENCIAS CON MENCION EN FISICA","ACADEMICO","DEPARTAMENTO DE FISICA",2586546
"PROFESOR HORAS CLASES","S/G","HORAS CLASE","HORAS CLASE","DPTO INGENIERIA INFORMATICA",90165
"PROFESOR HORAS CLASES","S/G","INGENIERO CIVIL DE INDUSTRIAL","HORAS CLASE","DPTO  INGENIERIA INDUSTRIAL",132675
"ACADEMICOS","8","MAGISTER EN CIENCIAS DE LA INGENIERIA MENCION CIENCIA E INGENIERIA DE LOS MATERIALES","ACADEMICO","DPTO. DE INVEST. CIENTIFICA",1106039
"PROFESOR HORAS CLASES","S/G","INGENIERO CIVIL EN INFORMATICA","HORAS CLASE","DPTO CONTABILIDAD Y AUDITOR",167467
"TECNICO","19","TRABAJADOR SOCIAL CON MENCION EN INTERVENCION SOCIAL","ASISTENTE DE MANTENCION","DEPARTAMENTO DE EXTENSION",352902
"PROFESIONALES","12","PROFESOR DE ESTADO DE HISTORIA Y GEOGRAFIA","ANALISTA","VICERRECTORIA ACADÉMICA",1141391
"ACADEMICOS","6","DOCTOR EN QUIMICA","JEFE CARR TEC ANALIS QCO Y FIS","DPTO. CIENCIAS DEL AMBIENTE",2961751
"PROFESOR HORAS CLASES","S/G","INGENIERO CIVIL ELECTRICISTA","HORAS CLASE","DPTO INGENIERIA ELECTRICA",623648
"PROFESOR HORAS CLASES","S/G","INGENIERO CIVIL ELECTRICISTA","HORAS CLASE","DPTO INGENIERIA ELECTRICA",616967
"PROFESOR HORAS CLASES","S/G","HORAS CLASE","HORAS CLASE","ESCUELA DE MEDICINA",718566
"PROFESOR HORAS CLASES","S/G","INGENIERO CIVIL EN MECANICA","HORAS CLASE","DPTO INGENIERIA EN MINAS",167467
"PROFESOR HORAS CLASES","S/G","INGENIERIO ELECTRICISTA","HORAS CLASE","DPTO INGENIERIA ELECTRICA",318493
"PROFESOR HORAS CLASES","S/G","INGENIERO CIVIL EN MECANICA","HORAS CLASE","DPTO INGENIERIA METALURGICA",160786
"PROFESOR HORAS CLASES","S/G","MAGISTER EN ARTE TERAPIA","HORAS CLASE","ESCUELA DE PSICOLOGIA",173853
"PROFESIONALES","14","COMUNICADOR SOCIAL EN MARKETING","PROFESIONAL","CENTRO DE INTEGR ING SOCIEDAD",1399520
"PROFESOR HORAS CLASES","S/G","DOCTOR EN MEDICINA","HORAS CLASE","ESCUELA DE MEDICINA",315546
"PROFESOR HORAS CLASES","S/G","DOCTOR EN ESTUDIOS AMERICANOS ESPECIALIDAD ESTUDIOS INTERNACIONALES","HORAS CLASE","DEPTO DE HISTORIA",61696
"PROFESOR HORAS CLASES","S/G","INGENIERO CIVIL EN INFORMATICA","HORAS CLASE","DPTO INGENIERIA INFORMATICA",391536
"PROFESOR HORAS CLASES","S/G","INGENIERO EN ELECTRONICA","HORAS CLASE","DPTO INGENIERIA ELECTRICA",199845
"PROFESOR HORAS CLASES","S/G","INGENIERO EN ALIMENTOS","HORAS CLASE","DPTO CIENCIA Y TEC.DE LOS ALIM",221644
"PROFESOR HORAS CLASES","S/G","INGENIERO EN ALIMENTOS","HORAS CLASE","DPTO CIENCIA Y TEC.DE LOS ALIM",107481
"PROFESOR HORAS CLASES","S/G","INGENIERIA CIVIL EN QUIMICA","HORAS CLASE","DPTO INGENIERIA QUIMICA",149496
"PROFESOR HORAS CLASES","S/G","ABOGADO(A)","HORAS CLASE","DPTO DE ADMINISTRACION",256280
"PROFESOR HORAS CLASES","S/G","HORAS CLASE","HORAS CLASE","ESCUELA DE ARQUITECTURA",1045556
"PROFESOR HORAS CLASES","S/G","HORAS CLASE","HORAS CLASE","DPTO INGENIERIA EN MINAS",123394
"ACADEMICOS","4","DOCTOR EN HISTORIA MENCION EN HISTORIA DE CHILE","ACADEMICO","DEPTO DE HISTORIA",3297654
"PROFESOR HORAS CLASES","S/G","CONTADOR AUDITOR","HORAS CLASE","DPTO CONTABILIDAD Y AUDITOR",281944
"PROFESOR HORAS CLASES","S/G","PROFESOR DE INGLES","HORAS CLASE","DPTO LINGUISTICA Y LITERATURA",196431
"PROFESOR HORAS CLASES","S/G","INGENIERO COMERCIAL","HORAS CLASE","DPTO CONTABILIDAD Y AUDITOR",266510
"PROFESOR HORAS CLASES","S/G","MAGISTER EN DERECHO. MENCION EN DERECHO INTERNACIONAL","HORAS CLASE","DPTO DE ADMINISTRACION",140005
"PROFESOR HORAS CLASES","S/G","INGENIERO EN ALIMENTOS","HORAS CLASE","DPTO CIENCIA Y TEC.DE LOS ALIM",107481
"PROFESOR HORAS CLASES","S/G","PROFESOR DE INGLES","HORAS CLASE","DPTO LINGUISTICA Y LITERATURA",625085
"PROFESOR HORAS CLASES","S/G","INGENIERO FISICO","HORAS CLASE","DEPARTAMENTO DE FISICA",793082
"PROFESOR HORAS CLASES","S/G","INGENIERO CIVIL EN INFORMATICA","HORAS CLASE","DPTO INGENIERIA INFORMATICA",528730
"PROFESOR HORAS CLASES","S/G","PROFESOR DE INGLES","HORAS CLASE","DPTO LINGUISTICA Y LITERATURA",497762
"PROFESOR HORAS CLASES","S/G","INGENIERIA CIVIL EN QUIMICA","HORAS CLASE","DPTO INGENIERIA QUIMICA",230693
"PROFESOR HORAS CLASES","S/G","ENFERMERA","HORAS CLASE","ESCUELA DE ENFERMERIA",559379
"PROFESOR HORAS CLASES","S/G","DOCTOR EN ESTUDIOS AMERICANOS ESPECIALIDAD ESTUDIOS INTERNACIONALES","HORAS CLASE","DEPTO DE HISTORIA",266287
"PROFESOR HORAS CLASES","S/G","MAGISTER EN DERECHO. MENCION EN DERECHO INTERNACIONAL","HORAS CLASE","DPTO LINGUISTICA Y LITERATURA",338417
"PROFESOR HORAS CLASES","S/G","MAGISTER EN ADMINISTRACION (MBA) CON MENCION GESTION EN FINANZAS","HORAS CLASE","DPTO  INGENIERIA INDUSTRIAL",451377
"PROFESOR HORAS CLASES","S/G","HORAS CLASE","HORAS CLASE","DPTO INGENIERIA EN MINAS",376861
"PROFESOR HORAS CLASES","S/G","PROFESOR DE FISICA","HORAS CLASE","DEPARTAMENTO DE FISICA",1240616
"PROFESOR HORAS CLASES","S/G","ABOGADO(A)","HORAS CLASE","DPTO. GESTION Y POLITICAS PUB.",262961
"PROFESOR HORAS CLASES","S/G","PROFESOR DE INGLES","HORAS CLASE","DPTO LINGUISTICA Y LITERATURA",334435
"PROFESOR HORAS CLASES","S/G","MAGISTER EN DERECHO. MENCION EN DERECHO INTERNACIONAL","HORAS CLASE","DPTO DE ADMINISTRACION",420012
"PROFESOR HORAS CLASES","S/G","MAGISTER EN DERECHO. MENCION EN DERECHO INTERNACIONAL","HORAS CLASE","DPTO DE ADMINISTRACION",280009
"PROFESOR HORAS CLASES","S/G","MAGISTER EN ADMINISTRACION (MBA) CON MENCION GESTION EN FINANZAS","HORAS CLASE","DPTO MAT. Y CS. DE LA COMP.",359167
"PROFESOR HORAS CLASES","S/G","HORAS CLASE","HORAS CLASE","DPTO INGENIERIA GEOGRAFICA",184152
"TECNICO","13","ENCARGADO TECNICO LABORATORIO","ENCARGADO TECNICO LABORATORIO","DEPTO. DE PUBLICIDAD E IMAGEN",1141422
"ADMINISTRATIVO","17","TRABAJADOR SOCIAL","ADMINISTRATIVO DE PROCESO","FACULTAD DE INGENIERÍA",668019
"TECNICO","17","AUXILIAR DE ENFERMERIA","AUXILIAR DE ENFERMERIA","CENTRO DE SALUD",826932
"PROFESIONALES","11","TECNOLOGO EN ADMINISTRACION DE PERSONAL","PROFESIONAL","DEPARTAMENTO DE COMUNICACIONES",1820879
"TECNICO","9","TECNICO SUPERIOR EN ELECTRONICA CON MENCION EN MICROCOMPUTADORES","TEC. DE SOPORTE Y ESPECIALIDAD","RADIOEMISORAS",1172379
"PROFESIONALES","8","INGENIERO CIVIL DE INDUSTRIAL","ASESOR DE RECTORIA","RECTORIA",1752917
"ADMINISTRATIVO","16","SECRETARIA DE CENTRO","SECRETARIA DE CENTRO","CENTRO INNOV. Y TRANSFER.TECN",883835
"PROFESIONALES","11","INGENIERO DE EJECUCION EN ALIMENTOS","ENCARGADO DE LABORATORIO","DPTO CIENCIA Y TEC.DE LOS ALIM",1779324
"AUXILIARES","21","AUXILIAR DE SERVICIOS","AUXILIAR DE SERVICIOS","PROGRAMA BACHILLERATO",911416
"AUXILIARES","21","AUXILIAR DE SERVICIOS","AUXILIAR DE SERVICIOS","DPTO  INGENIERIA INDUSTRIAL",941909
"PROFESIONALES","10","PSICOLOGO","ANALISTA DE LA CALIDAD","DIRECCIÓN CALIDAD Y SISTEMAS",1627734
"PROFESIONALES","6","INGENIERO CIVIL INDUSTRIAL","ASESOR","CENTRO DE INTEGR ING SOCIEDAD",2134003
"TECNICO","19","ASISTENTE DE MANTENCION","ASISTENTE DE MANTENCION","DEPARTAMENTO DE COMUNICACIONES",643507
"TECNICO","19","ASISTENTE DE MANTENCION","ASISTENTE DE MANTENCION","DEPARTAMENTO DE COMUNICACIONES",710676
"PROFESIONALES","11","BIOTECNOLOGO MENCION GESTION TECNOLOGICA","PROFESIONAL","CECTA",1447847
"PROFESIONALES","13","EDUCADORA DE PARVULOS","EDUCADOR DE PARVULOS","UNIDAD BIENESTAR DEL PERSONAL",1577367
"PROFESOR HORAS CLASES","S/G","INGENIERO DE EJECUCION EN ALIMENTOS","ENCARGADO DE LABORATORIO","DPTO CIENCIA Y TEC.DE LOS ALIM",607475
"PROFESOR HORAS CLASES","S/G","INGENIERO CIVIL INDUSTRIAL","ASESOR","DPTO  INGENIERIA INDUSTRIAL",265772
"PROFESOR HORAS CLASES","S/G","INGENIERO CIVIL INDUSTRIAL","ASESOR","DPTO  INGENIERIA INDUSTRIAL",265772
"PROFESOR HORAS CLASES","S/G","DOTTORE IN PEDAGOGIA CON LODE","HORAS CLASE","DEPARTAMENTO DE EDUCACIÓN",528730
"PROFESOR HORAS CLASES","S/G","TRABAJADOR SOCIAL","HORAS CLASE","ESCUELA DE PSICOLOGIA",173853
"PROFESOR HORAS CLASES","S/G","BACHAREL EN LETRAS","HORAS CLASE","DPTO LINGUISTICA Y LITERATURA",313098
"PROFESIONALES","12","TECNOLOGO EN CONSTRUCCIONES","PROYECTISTA SANITARIO","UNIDAD DE CONSTRUCCIÓN",1595299
"ACADEMICOS","6","DOCTOR EN FARMACOLOGIA","ACADEMICO","DEPARTAMENTO DE BIOLOGIA",2584036
"PROFESOR HORAS CLASES","S/G","TECNOLOGO EN TELECOMUNICACIONES","HORAS CLASE","DPTO. TECNOLOGIAS INDUSTRIALES",681222
"PROFESOR HORAS CLASES","S/G","HORAS CLASE","HORAS CLASE","DPTO  INGENIERIA INDUSTRIAL",122379
"TECNICO","20","MUSICO","MUSICO","DEPARTAMENTO DE EXTENSION",829672
"PROFESOR HORAS CLASES","S/G","HORAS CLASE","HORAS CLASE","DPTO INGENIERIA QUIMICA",322374
"PROFESOR HORAS CLASES","S/G","HORAS CLASE","HORAS CLASE","DPTO CIENCIA Y TEC.DE LOS ALIM",160786
"PROFESIONALES","8","ABOGADO(A)","ABOGADO","DIR. ASISTENCIA JURIDICA",1906828
"TECNICO","17","AUXILIAR DE ENFERMERIA","AUXILIAR DE ENFERMERIA","CENTRO DE SALUD",780275
"PROFESOR HORAS CLASES","S/G","DOCTOR EN ARQUITECTURA Y PATRIMONIO CULTURAL-AMBIENTAL(INVEST. REFLEX. ACCION)","HORAS CLASE","DEPTO DE HISTORIA",326050
"PROFESOR HORAS CLASES","S/G","MEDICO CIRUJANO","HORAS CLASE","ESCUELA DE MEDICINA",482851
"PROFESOR HORAS CLASES","S/G","HORAS CLASE","HORAS CLASE","DPTO MAT. Y CS. DE LA COMP.",466650
"PROFESOR HORAS CLASES","S/G","HORAS CLASE","HORAS CLASE","DPTO MAT. Y CS. DE LA COMP.",385453
"TECNICO","18","TECNICO EN MAQUINAS OFFSETT","TECNICO EN MAQUINAS OFFSETT","DPTO INGENIERIA MECANICA",1000598
"ADMINISTRATIVO","17","ADMINISTRATIVO DE PROCESO","ADMINISTRATIVO DE PROCESO","DPTO. DE RECURSOS HUMANOS",735188
"ADMINISTRATIVO","12","ADMINISTRATIVO ESPECIALES","ADMINISTRATIVO ESPECIALES","SELLO EDITORIAL",973968
"PROFESOR HORAS CLASES","S/G","PROFESOR DE ESTADO EN MATEMATICA Y COMPUTACION","HORAS CLASE","DPTO MAT. Y CS. DE LA COMP.",1088747
"PROFESIONALES","14","TECNOLOGO EN CONTROL INDUSTRIAL","ANALISTA","UNIDAD DE ADQUISICIONES",1300263
"ACADEMICOS","4","DOCTOR EN CIENCIAS DE RECURSOS NATURALES","ACADEMICO","DPTO. QUIMICA DE LOS MATERIALE",3175944
"ACADEMICOS","6","PERIODISTA","ACADEMICO","VICERRECTORIA ACADÉMICA",2586546
"PROFESOR HORAS CLASES","S/G","INGENIERO CIVIL ELECTRONICO","HORAS CLASE","DPTO INGENIERIA ELECTRICA",396583
"PROFESOR HORAS CLASES","S/G","INGENIERO CIVIL DE INDUSTRIAS CON MENCION EN ELECTRICIDAD","HORAS CLASE","DPTO MAT. Y CS. DE LA COMP.",462725
"PROFESOR HORAS CLASES","S/G","PROFESOR DE ESTADO DE MATEMATICAS Y ESTADISTICA","HORAS CLASE","DPTO MAT. Y CS. DE LA COMP.",614156
"PROFESOR HORAS CLASES","S/G","INGENIERO CIVIL DE INDUSTRIAS CON MENCION EN ELECTRICIDAD","HORAS CLASE","DPTO MAT. Y CS. DE LA COMP.",501051
"PROFESOR HORAS CLASES","S/G","PROFESOR DE ESTADO DE MATEMATICAS Y ESTADISTICA","HORAS CLASE","DPTO MAT. Y CS. DE LA COMP.",455606
"PROFESOR HORAS CLASES","S/G","INGENIERO CIVIL EN GEOGRAFIA","HORAS CLASE","DPTO INGENIERIA GEOGRAFICA",405774
"PROFESOR HORAS CLASES","S/G","PROFESOR DE ESTADO DE MATEMATICAS Y ESTADISTICA","HORAS CLASE","DPTO MAT. Y CS. DE LA COMP.",151869
"PROFESOR HORAS CLASES","S/G","QUIMICO FARMACEUTICO","HORAS CLASE","DEPARTAMENTO DE BIOLOGIA",853825
"PROFESOR HORAS CLASES","S/G","MAGISTER EN DIRECCION DE EMPRESAS","HORAS CLASE","DPTO INGENIERIA INFORMATICA",243977
"ACADEMICOS","6","INGENIERO EN ALIMENTOS","ACADEMICO","DPTO. DE INVEST. CIENTIFICA",2602114
"PROFESOR HORAS CLASES","S/G","INGENIERO CIVIL EN GEOGRAFIA","HORAS CLASE","DPTO INGENIERIA GEOGRAFICA",141940
"PROFESIONALES","13","SOCIOLOGO","ANALISTA BASE DE DATOS","UNIDAD REGIST. ACAD Y CURRICUL",1320791
"PROFESOR HORAS CLASES","S/G","PROFESOR DE ESTADO DE INGLES","HORAS CLASE","DPTO LINGUISTICA Y LITERATURA",551925
"PROFESOR HORAS CLASES","S/G","PROFESOR DE ESTADO DE INGLES","HORAS CLASE","DPTO LINGUISTICA Y LITERATURA",85527
"PROFESOR HORAS CLASES","S/G","PROFESOR DE ESTADO EN MATEMATICA Y COMPUTACION","HORAS CLASE","DPTO MAT. Y CS. DE LA COMP.",154242
"PROFESOR HORAS CLASES","S/G","HORAS CLASE","HORAS CLASE","DPTO INGENIERIA MECANICA",190455
"PROFESOR HORAS CLASES","S/G","HORAS CLASE","HORAS CLASE","DPTO INGENIERIA MECANICA",52508
"PROFESOR HORAS CLASES","S/G","PROFESOR DE ESTADO EN MATEMATICA Y COMPUTACION","HORAS CLASE","DPTO MAT. Y CS. DE LA COMP.",315166
"PROFESOR HORAS CLASES","S/G","INGENIERO CIVIL MECANICO","HORAS CLASE","DPTO INGENIERIA MECANICA",77216
"PROFESOR HORAS CLASES","S/G","INGENIERO CIVIL MECANICO","HORAS CLASE","DPTO INGENIERIA MECANICA",132675
"PROFESIONALES","12","MAGISTER EN CIENCIAS DE LA EDUCACION C/M EN DIFICULTADES DEL PRENDIZAJE","DISEÑADOR INSTITUCIONAL","UNIDAD DE COORDINACIÓN INSTIT.",1374631
"PROFESIONALES","8","PROFESOR DE EDUCACION MEDIA EN MATEMATICAS Y FÍSICA","JEFE DE AREA","VICERRECTORIA ACADÉMICA",1373381
"ADMINISTRATIVO","15","SECRETARIA ADMINISTRATIVA","SECRETARIA ADMINISTRATIVA","UNIDAD DE BIBLIOTECAS",1007046
"PROFESOR HORAS CLASES","S/G","INGENIERO CIVIL EN QUIMICA","HORAS CLASE","DPTO INGENIERIA QUIMICA",163878
"PROFESOR HORAS CLASES","S/G","INGENIERO CIVIL EN QUIMICA","HORAS CLASE","DPTO INGENIERIA QUIMICA",170559
"PROFESOR HORAS CLASES","S/G","PROFESOR DE ESTADO EN INGLES","HORAS CLASE","DPTO LINGUISTICA Y LITERATURA",674557
"PROFESOR HORAS CLASES","S/G","MAGISTER EN EDUCACION MENCION ORIENTACION EDUCACIONAL","HORAS CLASE","DEPARTAMENTO DE EDUCACIÓN",285041
"PROFESOR HORAS CLASES","S/G","MAGISTER EN EDUCACION MENCION ORIENTACION EDUCACIONAL","HORAS CLASE","DEPARTAMENTO DE EDUCACIÓN",611535
"ADMINISTRATIVO","20","ADMINISTRATIVO DE APOYO","ADMINISTRATIVO DE APOYO","DIRECCIÓN CALIDAD Y SISTEMAS",808684
"AUXILIARES","23","AUXILIAR DE SERVICIOS","AUXILIAR DE SERVICIOS","FACULTAD DE QUIMICA Y BIOLOGIA",581290
"PROFESIONALES","10","SOCIOLOGO","ANALISTA DE LA CALIDAD","DIRECCIÓN CALIDAD Y SISTEMAS",1526979
"PROFESOR HORAS CLASES","S/G","PROFESOR DE ESTADO EN MATEMATICA Y COMPUTACION","HORAS CLASE","DPTO MAT. Y CS. DE LA COMP.",1140474
"ACADEMICOS","6","PERIODISTA","SECRETARIO FACULTAD DE DERECHO","FACULTAD DE DERECHO",3253080
"PROFESIONALES","8","INGENIERO EN GESTION INFORMATICA","PROFESIONAL","DPTO INGENIERIA METALURGICA",2032831
"PROFESOR HORAS CLASES","S/G","HORAS CLASE","HORAS CLASE","DPTO LINGUISTICA Y LITERATURA",408642
"ACADEMICOS","4","DOCTOR EN ESTUDIOS AMERICANOS EN LA MENCION PENSAMIENTO Y CULTURA","ACADEMICO","INSTITUTO DE ESTUDIOS AVANZADO",3107653
"PROFESIONALES","6","ABOGADO(A)","ABOGADO","DIR. ASISTENCIA JURIDICA",2219407
"PROFESOR HORAS CLASES","S/G","QUIMICO","HORAS CLASE","DPTO. QUIMICA DE LOS MATERIALE",203844
"PROFESOR HORAS CLASES","S/G","QUIMICO","HORAS CLASE","DPTO. QUIMICA DE LOS MATERIALE",203844
"PROFESOR HORAS CLASES","S/G","CONTADOR AUDITOR","HORAS CLASE","DPTO CONTABILIDAD Y AUDITOR",246788
"PROFESOR HORAS CLASES","S/G","INGENIERO DE EJECUCION EN GEOMENSURA","HORAS CLASE","DPTO INGENIERIA GEOGRAFICA",762761
"PROFESOR HORAS CLASES","S/G","INGENIERO COMERCIAL EN ECONOMIA","HORAS CLASE","DPTO CONTABILIDAD Y AUDITOR",323239
"PROFESOR HORAS CLASES","S/G","CONTADOR AUDITOR","HORAS CLASE","DPTO CONTABILIDAD Y AUDITOR",798768
"ACADEMICOS","6","DOCTOR EN QUIMICA INORGÁNICA MOLECULAR","ACADEMICO","DPTO. QUIMICA DE LOS MATERIALE",2568466
"PROFESOR HORAS CLASES","S/G","QUIMICO","HORAS CLASE","DPTO. QUIMICA DE LOS MATERIALE",488888
"PROFESIONALES","10","SOCIOLOGO","ANALISTA DE GESTION I","DIR.  DESARROLLO INSTITUCIONAL",1662889
"ADMINISTRATIVO","20","ADMINISTRATIVO DE APOYO","ADMINISTRATIVO DE APOYO","DPTO. PLANFIC Y PRESUPUESTARIA",808684
"PROFESIONALES","10","MAGISTER EN GESTION CULTURAL APLICADA: POLITICAS Y GESTION DE INSTITUCIONES CULTURALES","JEFE DE SECCION","UNIDAD DE VOCACION ARTISTICA",776687
"PROFESIONALES","12","INGENIERO DE EJECUCION EN TEXTIL","ENCARGADO DE LABORATORIO","DPTO INGENIERIA QUIMICA",849178
"ADMINISTRATIVO","20","ASISTENTE DE BIBLIOTECA","ASISTENTE DE BIBLIOTECA","UNIDAD DE BIBLIOTECAS",756214
"PROFESOR HORAS CLASES","S/G","MAGISTER EN GESTION CULTURAL APLICADA: POLITICAS Y GESTION DE INSTITUCIONES CULTURALES","JEFE DE SECCION","UNIDAD DE VOCACION ARTISTICA",1044099
"PROFESOR HORAS CLASES","S/G","DOCTOR EN GEOGRAFIA. PLANIFICACION TERRITORIAL Y GESTION AMBIENTAL","HORAS CLASE","PROGRAMA BACHILLERATO",261026
"PROFESOR HORAS CLASES","S/G","MAGISTER EN LINGÜÍSTICA MENCION SOCIOLINGUISTICA HISPONOAMERICANA","HORAS CLASE","DPTO LINGUISTICA Y LITERATURA",262961
"PROFESOR HORAS CLASES","S/G","HORAS CLASE","HORAS CLASE","DPTO INGENIERIA INFORMATICA",299463
"PROFESOR HORAS CLASES","S/G","DOCTOR EN GEOGRAFIA. PLANIFICACION TERRITORIAL Y GESTION AMBIENTAL","HORAS CLASE","PROGRAMA BACHILLERATO",472733
"PROFESOR HORAS CLASES","S/G","HORAS CLASE","HORAS CLASE","DPTO LINGUISTICA Y LITERATURA",429197
"PROFESOR HORAS CLASES","S/G","PUBLICISTA","HORAS CLASE","DEPTO. DE PUBLICIDAD E IMAGEN",312839
"PROFESOR HORAS CLASES","S/G","INGENIERO CIVIL EN OBRAS CIVILES","HORAS CLASE","DPTO INGENIERIA OBRAS CIVILES",295770
"PROFESOR HORAS CLASES","S/G","INGENIERO COMERCIAL","HORAS CLASE","DPTO CIENCIA Y TEC.DE LOS ALIM",251534
"PROFESOR HORAS CLASES","S/G","MAGISTER EN COMUNICACION SOCIAL","HORAS CLASE","ESCUELA DE PERIODISMO",718566
"PROFESOR HORAS CLASES","S/G","HORAS CLASE","HORAS CLASE","DPTO  INGENIERIA INDUSTRIAL",160609
"PROFESOR HORAS CLASES","S/G","PROFESOR DE INGLES","HORAS CLASE","DPTO. GESTION Y POLITICAS PUB.",280009
"PROFESOR HORAS CLASES","S/G","MAGISTER EN COMUNICACION SOCIAL","HORAS CLASE","ESCUELA DE PERIODISMO",237296
"PROFESOR HORAS CLASES","S/G","INGENIERO CIVIL EN MINAS","HORAS CLASE","DPTO INGENIERIA EN MINAS",258215
"ACADEMICOS","6","MASTER UNIVERSITARIO DI I LIVELLO IN DESIGN PER LO SVILUPPO DEL PRODOTTO INDUSTRIALE","ACADEMICO","DPTO. TECNOLOGIAS GENERALES",2622706
"PROFESOR HORAS CLASES","S/G","PUBLICISTA","HORAS CLASE","DEPTO. DE PUBLICIDAD E IMAGEN",266510
"PROFESOR HORAS CLASES","S/G","HORAS CLASE","HORAS CLASE","FACULTAD DE CIENCIAS MEDICAS",416372
"PROFESOR HORAS CLASES","S/G","INGENIERO DE EJECUCION EN MECANICA","HORAS CLASE","DPTO INGENIERIA MECANICA",315883
"PROFESOR HORAS CLASES","S/G","PUBLICISTA","HORAS CLASE","DEPTO. DE PUBLICIDAD E IMAGEN",185313
"ACADEMICOS","6","ADMINISTRADOR PUBLICO","JEFE DE CARRERA ADM. PUBLICA","DPTO. GESTION Y POLITICAS PUB.",2997910
"PROFESOR HORAS CLASES","S/G","HORAS CLASE","HORAS CLASE","DPTO INGENIERIA INFORMATICA",377299
"PROFESOR HORAS CLASES","S/G","MAGISTER EN CIENCIA POLITICA","HORAS CLASE","DPTO. GESTION Y POLITICAS PUB.",243977
"PROFESOR HORAS CLASES","S/G","PROFESOR DE INGLES","HORAS CLASE","DPTO. GESTION Y POLITICAS PUB.",286690
"PROFESOR HORAS CLASES","S/G","HORAS CLASE","HORAS CLASE","DPTO INGENIERIA QUIMICA",331343
"PROFESOR HORAS CLASES","S/G","INGENIERO COMERCIAL","HORAS CLASE","DPTO  INGENIERIA INDUSTRIAL",710029
"PROFESOR HORAS CLASES","S/G","PUBLICISTA","HORAS CLASE","DEPTO. DE PUBLICIDAD E IMAGEN",231642
"ADMINISTRATIVO","17","SECRETARIA DE APOYO DOCENTE","SECRETARIA DE APOYO DOCENTE","FACULTAD DE ADMINIST Y ECONOMI",872937
"AUXILIARES","21","MAYORDOMO","MAYORDOMO","CENTRO FELIX KLEIN",752460
"AUXILIARES","19","AUXILIAR DE SERVICIOS","AUXILIAR DE SERVICIOS","INSTITUTO DE ESTUDIOS AVANZADO",787239
"PROFESIONALES","10","PERIODISTA","PROFESIONAL","DEPARTAMENTO DE COMUNICACIONES",1526979
"PROFESIONALES","10","INGENIERO DE EJECUCION EN MINAS","RESPONSABLE TEC TEMP Y PRESION","DPTO INGENIERIA ELECTRICA",1678808
"PROFESIONALES","6","INGENIERO CIVIL EN INFORMATICA","PROFESIONAL","UNIDAD REGIST. ACAD Y CURRICUL",2345017
"PROFESIONALES","10","CONTADOR PUBLICO Y AUDITOR","AUDITOR I","CONTRALORIA UNIVERSITARIA",1662889
"ADMINISTRATIVO","17","SECRETARIA DE DIRECCION","SECRETARIA DE DIRECCION","DIRECCIÓN DE POSTGRADO",829483
"ADMINISTRATIVO","15","SECRETARIA DE APOYO DOCENTE","SECRETARIA DE APOYO DOCENTE","DPTO MAT. Y CS. DE LA COMP.",1056434
"PROFESOR HORAS CLASES","S/G","INGENIERO CIVIL EN INFORMATICA","PROFESIONAL","DPTO MAT. Y CS. DE LA COMP.",149059
"PROFESOR HORAS CLASES","S/G","CONTADOR PUBLICO Y AUDITOR","AUDITOR I","DPTO CONTABILIDAD Y AUDITOR",41182
"PROFESOR HORAS CLASES","S/G","INGENIERO CIVIL EN INFORMATICA","PROFESIONAL","DPTO MAT. Y CS. DE LA COMP.",142378
"PROFESOR HORAS CLASES","S/G","INGENIERO CIVIL EN INFORMATICA","PROFESIONAL","DPTO MAT. Y CS. DE LA COMP.",569508
"PROFESOR HORAS CLASES","S/G","ADMINISTRADOR PUBLICO","HORAS CLASE","DPTO. GESTION Y POLITICAS PUB.",109636
"PROFESOR HORAS CLASES","S/G","INGENIERO DE EJECUCION EN MINAS","HORAS CLASE","DPTO INGENIERIA EN MINAS",390062
"AUXILIARES","21","MAYORDOMO","MAYORDOMO","FACULTAD DE CIENCIAS MEDICAS",770238
"PROFESIONALES","14","BIBLIOTECARIO DOCUMENTALISTA","BIBLIOTECARIO","FACULTAD DE HUMANIDADES",1348238
"PROFESOR HORAS CLASES","S/G","PERIODISTA","HORAS CLASE","ESCUELA DE PERIODISMO",377309
"PROFESIONALES","8","ABOGADO(A)","ABOGADO","CONTRALORIA UNIVERSITARIA",1924828
"PROFESOR HORAS CLASES","S/G","PSICOLOGO","HORAS CLASE","DPTO. TECNOLOGIAS GENERALES",258215
"PROFESOR HORAS CLASES","S/G","PSICOLOGO","HORAS CLASE","DPTO. TECNOLOGIAS GENERALES",251534
"ACADEMICOS","4","DOCTOR OF PHILOSOPHY IN TECHNICAL SCIENCES","ACADEMICO","DPTO INGENIERIA METALURGICA",3213209
"PROFESOR HORAS CLASES","S/G","PUBLICISTA","HORAS CLASE","DEPTO. DE PUBLICIDAD E IMAGEN",612738
"ADMINISTRATIVO","17","SECRETARIA DE DIRECCION","SECRETARIA DE DIRECCION","DPTO INGENIERIA METALURGICA",815430
"PROFESOR HORAS CLASES","S/G","PSICOLOGA","HORAS CLASE","ESCUELA DE PSICOLOGIA",132675
"ACADEMICOS","4","DOCTOR EN MICROBIOLOGIA","ACADEMICO","DEPARTAMENTO DE BIOLOGIA",3128764
"PROFESOR HORAS CLASES","S/G","CIENTISTA POLITICA","HORAS CLASE","DEPTO DE HISTORIA",191994
"ADMINISTRATIVO","15","SECRETARIO B","SECRETARIO B","DPTO INGENIERIA QUIMICA",945001
"ADMINISTRATIVO","17","ADMINISTRATIVO DE APOYO","ADMINISTRATIVO DE APOYO","DPTO MAT. Y CS. DE LA COMP.",815430
"TECNICO","18","TECNICO EN BIBLIOTECAS","TECNICO EN BIBLIOTECAS","UNIDAD DE BIBLIOTECAS",806493
"PROFESIONALES","10","INGENIERO FISICO","ANALISTA DE GESTION I","DIRECCIÓN DE POSTGRADO",1678808
"AUXILIARES","21","ESTAFETA","ESTAFETA","ESCUELA DE MEDICINA",861719
"ADMINISTRATIVO","12","ADMINISTRATIVO ESPECIALES","ADMINISTRATIVO ESPECIALES","DEPTO. BENEFICIOS ESTUDIANTILE",1136677
"PROFESIONALES","6","PSICOLOGO CLINICO","PSICOLOGO CLINICO","ESCUELA DE PSICOLOGIA",611323
"PROFESOR HORAS CLASES","S/G","PROFESOR DE ESPAÑOL","HORAS CLASE","DPTO LINGUISTICA Y LITERATURA",191994
"PROFESOR HORAS CLASES","S/G","ENFERMERA","HORAS CLASE","ESCUELA DE ENFERMERIA",786178
"PROFESOR HORAS CLASES","S/G","PROFESOR DE ESPAÑOL","HORAS CLASE","DPTO LINGUISTICA Y LITERATURA",185313
"PROFESOR HORAS CLASES","S/G","INGENIERO CIVIL DE INDUSTRIAS","HORAS CLASE","DPTO. TECNOLOGIAS INDUSTRIALES",243977
"PROFESOR HORAS CLASES","S/G","PROFESOR DE INGLES","HORAS CLASE","DPTO LINGUISTICA Y LITERATURA",807236
"ACADEMICOS","4","DOCTOR EN CIENCIAS CON MENCION EN FISICA","ACADEMICO","DEPARTAMENTO DE FISICA",3128764
"ADMINISTRATIVO","12","ADMINISTRATIVO UNICIT","ADMINISTRATIVO UNICIT","UNIDAD DE COORDINACIÓN INSTIT.",795678
"PROFESIONALES","10","DISEÑADOR DE INTERIORES Y MOBILIARIO","JEFE DE LABORATORIO","FACULTAD DE INGENIERÍA",1526979
"ADMINISTRATIVO","15","SECRETARIA EJECUTIVA GERENCIAL","SECRETARIA ADMINISTRATIVA","DEPARTAMENTO DE EDUCACIÓN",920307
"TECNICO","19","ASISTENTE DE MANTENCION","ASISTENTE DE MANTENCION","FACULTAD DE QUIMICA Y BIOLOGIA",800906
"PROFESIONALES","8","INGENIERÍA DE EJECUCIÓN AGRÍCOLA CON MENCIÓN EN GANADERÍA","ANALISTA GEST. II COORD UNICIT","UNIDAD DE COORDINACIÓN INSTIT.",1752917
"PROFESOR HORAS CLASES","S/G","ADMINISTRADOR PUBLICO","HORAS CLASE","DPTO. GESTION Y POLITICAS PUB.",544481
"PROFESOR HORAS CLASES","S/G","ADMINISTRADOR PUBLICO","HORAS CLASE","DPTO. GESTION Y POLITICAS PUB.",92656
"PROFESOR HORAS CLASES","S/G","ADMINISTRADOR PUBLICO","HORAS CLASE","DPTO. GESTION Y POLITICAS PUB.",185313
"PROFESOR HORAS CLASES","S/G","MAGISTER EN HISTORIA","HORAS CLASE","DEPTO DE HISTORIA",246788
"PROFESOR HORAS CLASES","S/G","MAGISTER EN ADMINISTRACION Y DIRECCION DE RRHH.","HORAS CLASE","PROGRAMA BACHILLERATO",522565
"PROFESOR HORAS CLASES","S/G","MAGISTER EN HISTORIA","HORAS CLASE","DEPTO DE HISTORIA",246788
"PROFESOR HORAS CLASES","S/G","MAGISTER EN HISTORIA","HORAS CLASE","DEPTO DE HISTORIA",246788
"PROFESOR HORAS CLASES","S/G","MAGISTER EN HISTORIA","HORAS CLASE","DEPTO DE HISTORIA",242042
"PROFESOR HORAS CLASES","S/G","MAGISTER EN HISTORIA","HORAS CLASE","DEPTO DE HISTORIA",246788
"PROFESOR HORAS CLASES","S/G","MAGISTER EN HISTORIA","HORAS CLASE","DEPTO DE HISTORIA",327985
"PROFESOR HORAS CLASES","S/G","HORAS CLASE","HORAS CLASE","DPTO MAT. Y CS. DE LA COMP.",1030378
"ADMINISTRATIVO","17","ADMINISTRATIVO REMUNERACIONES","ADMINISTRATIVO REMUNERACIONES","DPTO. DE RECURSOS HUMANOS",815430
"ADMINISTRATIVO","17","OPERADOR DE CALDERA","OPERADOR DE CALDERA","DEPARTAMENTO DE DEPORTES",1026145
"ADMINISTRATIVO","16","SECRETARIA DE APOYO DOCENTE","SECRETARIA DE APOYO DOCENTE","ESCUELA DE MEDICINA",860018
"PROFESIONALES","8","TECNOLOGO EN ADMINISTRACION DE PERSONAL","JEFE DE SECCION","DEPTO. DESARROLLO DE PERSONAS",2014831
"PROFESOR HORAS CLASES","S/G","HORAS CLASE","HORAS CLASE","DPTO LINGUISTICA Y LITERATURA",993829
"AUXILIARES","23","AUXILIAR","AUXILIAR","UNIDAD DE GESTION DEL CAMPUS",581290
"PROFESOR HORAS CLASES","S/G","MAGISTER EN CIENCIA EN LA ESPECIALIDAD DE MATEMATICA","HORAS CLASE","DPTO MAT. Y CS. DE LA COMP.",284651
"PROFESIONALES","13","MEDICO VETERINARIO","ANALISTA GEST. II COORD UNICIT","UNIDAD DE COORDINACIÓN INSTIT.",1240292
"ADMINISTRATIVO","16","ADMINISTRATIVO DE PROCESO","ADMINISTRATIVO DE PROCESO","UNIDAD DE COORDINACIÓN INSTIT.",848109
"ACADEMICOS","6","MAGISTER EN NEUROCIENCIA","ACADEMICO","VICERRECTORIA ACADÉMICA",2602114
"PROFESOR HORAS CLASES","S/G","PROFESOR DE ESTADO EN MATEMATICA Y COMPUTACION","HORAS CLASE","DPTO MAT. Y CS. DE LA COMP.",529684
"PROFESOR HORAS CLASES","S/G","INGENIERO DE EJECUCION EN GEOMENSURA","HORAS CLASE","DPTO INGENIERIA GEOGRAFICA",199407
"PROFESOR HORAS CLASES","S/G","INGENIERO CIVIL","HORAS CLASE","DPTO INGENIERIA OBRAS CIVILES",191994
"AUXILIARES","21","MAYORDOMO","MAYORDOMO","ESCUELA DE ARQUITECTURA",739744
"ADMINISTRATIVO","15","SECRETARIA ADMINISTRATIVA","SECRETARIA ADMINISTRATIVA","DEPARTAMENTO DE EDUCACIÓN",987693
"PROFESIONALES","8","PROFESOR DE EDUCACION MEDIA EN FISICA Y CIENCIAS NATURALES","PROFESIONAL","DIRECCIÓN CALIDAD Y SISTEMAS",2100529
"PROFESIONALES","14","INGENIERO DE EJECUCION EN INDUSTRIA","ANALISTA DE PROYECTOS","DPTO DE GESTIÓN DE LA INFRAEST",1335418
"PROFESIONALES","8","TECNOLOGO EN ADMINISTRACION DE PERSONAL","JEFE DE AREA","UNIDAD DE ADQUISICIONES",1889673
"TECNICO","19","AUXILIAR DE SERVICIOS","AUXILIAR DE SERVICIOS","DEPTO DE CALIDAD VIDA ESTUDIAN",843625
"PROFESOR HORAS CLASES","S/G","PROFESOR DE EDUCACION MEDIA EN FISICA Y CIENCIAS NATURALES","PROFESIONAL","DPTO. TECNOLOGIAS INDUSTRIALES",546675
"TECNICO","17","TECNICO","TECNICO","ESCUELA DE MEDICINA",815430
"PROFESIONALES","5","INGENIERO COMERCIAL EN ADMINISTRACION DE EMPRESAS","ANALISTA DE LA CALIDAD","DIRECCIÓN CALIDAD Y SISTEMAS",2423970
"PROFESOR HORAS CLASES","S/G","HORAS CLASE","HORAS CLASE","DPTO MAT. Y CS. DE LA COMP.",1045556
"PROFESOR HORAS CLASES","S/G","ESPECIALISTA EN PSIQUIATRIA","HORAS CLASE","ESCUELA DE MEDICINA",257134
"PROFESIONALES","10","TECNOLOGO EN CONTROL INDUSTRIAL","ANALISTA DE LA CALIDAD","DIRECCIÓN CALIDAD Y SISTEMAS",1678808
"PROFESIONALES","14","PROFESOR DE ESTADO EN MATEMATICA Y COMPUTACION","ENCARGADO DE LABORATORIO","DPTO  INGENIERIA INDUSTRIAL",1564601
"ACADEMICOS","2","DOCTOR EN  CIENCIAS DE LA INGENIERIA MENCION CIENCIAS DE LOS MATERIALES","ACADEMICO","DPTO INGENIERIA METALURGICA",3932454
"ACADEMICOS","4","MASTER OF ENGINEERING","ACADEMICO","DPTO INGENIERIA EN MINAS",3382100
"TECNICO","19","ASISTENTE DE LABORATORIO","ASISTENTE DE LABORATORIO","CEUS LLANQUIHUE USACH",797984
"TECNICO","18","ASISTENTE DE MANTENCION","ASISTENTE DE MANTENCION","DPTO LINGUISTICA Y LITERATURA",856493
"PROFESOR HORAS CLASES","S/G","DISEÑADOR(A) INDUSTRIAL","HORAS CLASE","DPTO. TECNOLOGIAS INDUSTRIALES",437139
"PROFESOR HORAS CLASES","S/G","CONTADOR PUBLICO Y AUDITOR","HORAS CLASE","DPTO CONTABILIDAD Y AUDITOR",109636
"PROFESOR HORAS CLASES","S/G","DOCTOR EN DERECHO","HORAS CLASE","DEPARTAMENTO DE FISICA",481271
"PROFESOR HORAS CLASES","S/G","CONTADOR PUBLICO Y AUDITOR","HORAS CLASE","DPTO CONTABILIDAD Y AUDITOR",47863
"PROFESOR HORAS CLASES","S/G","HORAS CLASE","HORAS CLASE","DEPARTAMENTO DE EDUCACIÓN",189019
"PROFESOR HORAS CLASES","S/G","INGENIERO DE EJECUCION EN PREVENCION DE RIESGOS","HORAS CLASE","DPTO. TECNOLOGIAS INDUSTRIALES",243977
"PROFESOR HORAS CLASES","S/G","INGENIERO CIVIL EN ELECTRICIDAD","HORAS CLASE","DPTO INGENIERIA ELECTRICA",132675
"PROFESOR HORAS CLASES","S/G","HORAS CLASE","HORAS CLASE","DEPARTAMENTO DE EDUCACIÓN",459238
"PROFESOR HORAS CLASES","S/G","INGENIERO CIVIL EN ELECTRICIDAD","HORAS CLASE","DPTO INGENIERIA ELECTRICA",102955
"PROFESOR HORAS CLASES","S/G","INGENIERO CIVIL EN ELECTRICIDAD","HORAS CLASE","DPTO INGENIERIA ELECTRICA",102955
"PROFESOR HORAS CLASES","S/G","INGENIERO DE EJECUCION EN PREVENCION DE RIESGOS","HORAS CLASE","DPTO. TECNOLOGIAS INDUSTRIALES",474590
"PROFESIONALES","12","INGENIERO DE EJECUCION EN AMBIENTE","ENCARGADO DE LABORATORIO","DPTO INGENIERIA GEOGRAFICA",1637679
"ADMINISTRATIVO","17","INGENIERO EN ADMINISTRACION DE EMPRESAS CON MENCION FINANZAS","ADMINISTRATIVO DE RECURSOS HUM","DPTO. DE RECURSOS HUMANOS",746689
"PROFESOR HORAS CLASES","S/G","INGENIERO DE EJECUCION EN AMBIENTE","ENCARGADO DE LABORATORIO","DPTO INGENIERIA INFORMATICA",420012
"PROFESOR HORAS CLASES","S/G","INGENIERO DE EJECUCION EN AMBIENTE","ENCARGADO DE LABORATORIO","DPTO INGENIERIA GEOGRAFICA",280009
"PROFESOR HORAS CLASES","S/G","ARQUITECTO","HORAS CLASE","ESCUELA DE ARQUITECTURA",337477
"PROFESOR HORAS CLASES","S/G","ARQUITECTO","HORAS CLASE","ESCUELA DE ARQUITECTURA",320349
"ACADEMICOS","4","DOCTORIS PHILOSOPHIAE GRADVM","VICEDECANO INVEST FAC DE HUMAN","DEPARTAMENTO DE FILOSOFÍA",4245389
"PROFESOR HORAS CLASES","S/G","INGENIERO CIVIL DE INDUSTRIAL","HORAS CLASE","DPTO MAT. Y CS. DE LA COMP.",481271
"ACADEMICOS","6","QUIMICO FARMACEUTICO","ACADEMICO","VICERRECTORIA ACADÉMICA",2584034
"PROFESOR HORAS CLASES","S/G","ADMINISTRADOR DE INDUSTRIAS","HORAS CLASE","DPTO INGENIERIA EN MINAS",303739
"PROFESOR HORAS CLASES","S/G","ADMINISTRADOR DE INDUSTRIAS","HORAS CLASE","DPTO. TECNOLOGIAS GENERALES",303739
"PROFESOR HORAS CLASES","S/G","ADMINISTRADOR DE INDUSTRIAS","HORAS CLASE","DPTO. TECNOLOGIAS GENERALES",665883
"PROFESOR HORAS CLASES","S/G","HORAS CLASE","HORAS CLASE","ESCUELA DE PERIODISMO",509746
"PROFESOR HORAS CLASES","S/G","PSICOLOGO","HORAS CLASE","ESCUELA DE PSICOLOGIA",204741
"ADMINISTRATIVO","12","ADMINISTRACION DE EMPRESAS. MENCION PERSONAL","ENCARGADO(A) ADM CENTRO_COSTOS","SECRETARIA GENERAL",1016347
"PROFESOR HORAS CLASES","S/G","HORAS CLASE","HORAS CLASE","DEPARTAMENTO DE FISICA",761279
"PROFESOR HORAS CLASES","S/G","MAGISTER EN EDUCACION CON MENCION EN ORIENTACION","HORAS CLASE","DEPARTAMENTO DE EDUCACIÓN",193667
"PROFESOR HORAS CLASES","S/G","EDUCADORA DE PARVULOS","HORAS CLASE","DEPARTAMENTO DE EDUCACIÓN",135259
"PROFESOR HORAS CLASES","S/G","MAGISTER EN EDUCACION CON MENCION EN ORIENTACION","HORAS CLASE","DEPARTAMENTO DE EDUCACIÓN",946808
"PROFESOR HORAS CLASES","S/G","EDUCADORA DE PARVULOS","HORAS CLASE","DEPARTAMENTO DE EDUCACIÓN",202887
"PROFESOR HORAS CLASES","S/G","EDUCADORA DE PARVULOS","HORAS CLASE","DEPARTAMENTO DE EDUCACIÓN",216456
"PROFESOR HORAS CLASES","S/G","PERIODISTA","HORAS CLASE","ESCUELA DE PERIODISMO",266510
"PROFESOR HORAS CLASES","S/G","HORAS CLASE","HORAS CLASE","DEPARTAMENTO DE FISICA",251534
"PROFESIONALES","10","MAGISTER EN PROCESAMIENTO Y GESTION DE LA INFORMACION","ANALISTA DE PROYECTOS I","UNIDAD DE COORDINACIÓN INSTIT.",1558817
"TECNICO","20","AYUDANTE MAESTRO DE COCINA","AYUDANTE MAESTRO DE COCINA","UNIDAD ADM. SERV. ALIMENTARIOS",787696
"PROFESIONALES","8","TECNICO UNIVERSITARIO EN ADMINISTRACION DE MATERIALES","CAJERO","FACULTAD DE CIENCIA",2173902
"ADMINISTRATIVO","17","TECNOLOGO EN ADMINISTRACION DE PERSONAL","ADMINISTRATIVO DE REGISTRO CUR","FACULTAD DE HUMANIDADES",887650
"PROFESIONALES","13","TECNOLOGO EN ADMINISTRACION DE PERSONAL","ANALISTA EN GESTION ADM.","FACULTAD DE CIENCIA",1545871
"ADMINISTRATIVO","12","ADMINISTRATIVO ESPECIALES","ADMINISTRATIVO ESPECIALES","DIRECCIÓN DE POSTGRADO",973968
"PROFESOR HORAS CLASES","S/G","MAGISTER EN PROCESAMIENTO Y GESTION DE LA INFORMACION","ANALISTA DE PROYECTOS I","DPTO INGENIERIA INFORMATICA",289089
"PROFESOR HORAS CLASES","S/G","MAGISTER EN LETRAS CON MENCION EN LINGUISTICA","HORAS CLASE","DPTO LINGUISTICA Y LITERATURA",1102507
"AUXILIARES","21","AUXILIAR DE SERVICIOS","AUXILIAR DE SERVICIOS","CECTA",873168
"PROFESIONALES","9","TECNOLOGO EN CONTROL INDUSTRIAL","ANALISTA DE GESTION DE PERSONA","DEPTO. DESARROLLO DE PERSONAS",1830609
"PROFESIONALES","9","MAGISTER EN ECONOMIA FINANCIERA","JEFE DE LABORATORIO","DPTO INGENIERIA OBRAS CIVILES",1796516
"PROFESOR HORAS CLASES","S/G","MAGISTER EN ECONOMIA FINANCIERA","JEFE DE LABORATORIO","DPTO  INGENIERIA INDUSTRIAL",911213
"PROFESOR HORAS CLASES","S/G","INGENIERO CIVIL","HORAS CLASE","DPTO INGENIERIA OBRAS CIVILES",599919
"PROFESOR HORAS CLASES","S/G","PROFESOR DE EDUCACION MEDIA EN HISTORIA Y GEOGRAFIA","HORAS CLASE","DEPARTAMENTO DE EDUCACIÓN",81938
"PROFESOR HORAS CLASES","S/G","ADMINISTRADOR PUBLICO","HORAS CLASE","DPTO. TECNOLOGIAS GENERALES",538222
"PROFESOR HORAS CLASES","S/G","HORAS CLASE","HORAS CLASE","FACULTAD DE CIENCIAS MEDICAS",338585
"PROFESOR HORAS CLASES","S/G","HORAS CLASE","HORAS CLASE","FACULTAD DE CIENCIAS MEDICAS",154432
"PROFESOR HORAS CLASES","S/G","PROFESOR DE EDUCACION MEDIA EN HISTORIA Y GEOGRAFIA","HORAS CLASE","DEPARTAMENTO DE EDUCACIÓN",327012
"ADMINISTRATIVO","16","SECRETARIADO EJECUTIVO COMPUTACIONAL","SECRETARIA DE APOYO DOCENTE","ESCUELA DE MEDICINA",848680
"TECNICO","19","CHOFER","CHOFER","UNIDAD DE GESTION DEL CAMPUS",833139
"ADMINISTRATIVO","17","ANALISTA CONTABLE","ANALISTA CONTABLE","DEPTO. DE FINANZAS Y TESORERIA",889316
"ACADEMICOS","8","ABOGADO(A)","ACADEMICO","FACULTAD DE DERECHO",522642
"PROFESOR HORAS CLASES","S/G","HORAS CLASE","HORAS CLASE","DPTO. GESTION Y POLITICAS PUB.",762761
"ACADEMICOS","6","DOCTOR EN QUIMICA","ACADEMICO","DPTO. QUIMICA DE LOS MATERIALE",2622706
"ACADEMICOS","4","MEDICO CIRUJANO","ACADEMICO","ESCUELA DE MEDICINA",2394149
"PROFESOR HORAS CLASES","S/G","INGENIERO CIVIL EN OBRAS CIVILES","HORAS CLASE","DPTO INGENIERIA OBRAS CIVILES",391098
"PROFESOR HORAS CLASES","S/G","INGENIERO DE EJECUCION EN GEOMENSURA","HORAS CLASE","DPTO INGENIERIA GEOGRAFICA",364726
"PROFESIONALES","8","INGENIERO DE EJECUCION EN COMPUTACION E INFORMATICA","ANALISTA INFORMATICO","FACULTAD DE INGENIERÍA",2100529
"PROFESOR HORAS CLASES","S/G","INGENIERO DE EJECUCION EN CLIMATIZACION","HORAS CLASE","DPTO INGENIERIA MECANICA",60218
"PROFESOR HORAS CLASES","S/G","PSICOLOGO","HORAS CLASE","ESCUELA DE PSICOLOGIA",122379
"PROFESIONALES","9","INGENIERO DE EJECUCION EN ADMINISTRACION DE EMPRESAS","PROFESIONAL","VR INVEST. DESARR E INNOVACION",2016937
"PROFESOR HORAS CLASES","S/G","PROFESOR DE ESTADO EN CASTELLANO","HORAS CLASE","DPTO LINGUISTICA Y LITERATURA",192726
"PROFESOR HORAS CLASES","S/G","HORAS CLASE","HORAS CLASE","DPTO MAT. Y CS. DE LA COMP.",273535
"PROFESOR HORAS CLASES","S/G","MAGISTER EN PSICOLOGIA","HORAS CLASE","ESCUELA DE PSICOLOGIA",258215
"PROFESOR HORAS CLASES","S/G","HORAS CLASE","HORAS CLASE","ESCUELA DE ARQUITECTURA",179412
"PROFESOR HORAS CLASES","S/G","MAGISTER EN EDUCACION CON MENCION EN CURRICULUM Y EVALUACION","HORAS CLASE","DEPARTAMENTO DE EDUCACIÓN",498152
"PROFESOR HORAS CLASES","S/G","PROFESOR DE ESTADO EN CASTELLANO","HORAS CLASE","DPTO LINGUISTICA Y LITERATURA",273923
"ACADEMICOS","6","ENFERMERA","ACADEMICO","ESCUELA DE ENFERMERIA",2640785
"PROFESOR HORAS CLASES","S/G","ANTROPOLOGIA SOCIAL","HORAS CLASE","ESCUELA DE OBST Y PUERICULTURA",161283
"PROFESIONALES","5","SOCIOLOGO","DIR DE GENERO DIVERS Y EQUIDAD","DIR GENERO DIVERSIDAD Y EQUIDA",2360709
"ADMINISTRATIVO","17","SECRETARIA DE APOYO DOCENTE","SECRETARIA DE APOYO DOCENTE","DPTO LINGUISTICA Y LITERATURA",803929
"PROFESOR HORAS CLASES","S/G","SOCIOLOGO","DIR DE GENERO DIVERS Y EQUIDAD","DPTO INGENIERIA GEOGRAFICA",118648
"PROFESOR HORAS CLASES","S/G","DOCTOR EN EDUCACION FISICA","HORAS CLASE","CARRERA LICEN CS. ACTIV. FISIC",855010
"PROFESOR HORAS CLASES","S/G","HORAS CLASE","HORAS CLASE","ESCUELA DE MEDICINA",289809
"PROFESOR HORAS CLASES","S/G","INGENIERO(A) DE EJECUCION EN ELECTRICIDAD","HORAS CLASE","DPTO. TECNOLOGIAS INDUSTRIALES",1202649
"PROFESOR HORAS CLASES","S/G","INGENIERO COMERCIAL EN ECONOMIA","HORAS CLASE","DPTO DE ECONOMIA",109636
"PROFESOR HORAS CLASES","S/G","MAGISTER EN CIENCIAS. MENCION FISICA","HORAS CLASE","DEPARTAMENTO DE FISICA",544481
"PROFESOR HORAS CLASES","S/G","INGENIERO COMERCIAL EN ECONOMIA","HORAS CLASE","DPTO. GESTION Y POLITICAS PUB.",102955
"PROFESOR HORAS CLASES","S/G","HORAS CLASE","HORAS CLASE","DPTO MAT. Y CS. DE LA COMP.",864271
"PROFESIONALES","13","DIRECTOR CORO USACH","DIRECTOR CORO USACH","DEPARTAMENTO DE EXTENSION",1402862
"TECNICO","17","TECNICO","TECNICO","UNIDAD DE GESTION DEL CAMPUS",815430
"ADMINISTRATIVO","16","ADMINISTRATIVO CONTABLE","ADMINISTRATIVO CONTABLE","ADM.GRAL. FONDO SOLIDARIO CRED",872497
"TECNICO","17","ASISTENTE DE MANTENCION","ASISTENTE DE MANTENCION","VR. DE APOYO AL ESTUDIANTE",703648
"PROFESIONALES","14","TECNOLOGO EN CONTROL INDUSTRIAL","ANALISTA","UNIDAD DE ADQUISICIONES",1300263
