"Estamento","Grado","Titulo.Oficio","Funcion.Cargo","Unidad","BrutoHaber"
"AUXILIARES","23","AUXILIAR","AUXILIAR","UNIDAD DE GESTION DEL CAMPUS",506774
"PROFESOR HORAS CLASES","S/G","PROFESOR DE EDUCACION MEDIA EN INGLES","ANALISTA DE PROYECTOS","DPTO INGENIERIA OBRAS CIVILES",251534
"ADMINISTRATIVO","17","SECRETARIA DE SUBDIRECCION","SECRETARIA DE SUBDIRECCION","ESCUELA DE PSICOLOGIA",716832
"PROFESIONALES","10","PROFESOR DE EDUCACION MEDIA EN INGLES","ANALISTA DE PROYECTOS","FACULTAD DE INGENIERÍA",760768
"TECNICO","17","EJECUTIVA SECCION COBRANZAS","EJECUTIVA SECCION COBRANZAS","ADM.GRAL. FONDO SOLIDARIO CRED",605004
"ADMINISTRATIVO","17","ADMINISTRATIVO DE PROCESO","ADMINISTRATIVO DE PROCESO","DPTO TRANSFERENCIA TECNOLOGICA",593503
"ACADEMICOS","6","DOCTOR EN CIENCIAS DE LA INGENIERIA CON MENCION EN INGENIERIA DE PROCESOS","JEFE CARRERA LICENC. CS COMP","DPTO MAT. Y CS. DE LA COMP.",2997910
"PROFESIONALES","8","BIOLOGO","PROFESIONAL","VR INVEST. DESARR E INNOVACION",849857
"PROFESOR HORAS CLASES","S/G","PROFESOR DE ESTADO EN HISTORIA Y CIENCIAS SOCIALES","PROFESIONAL","DEPTO DE HISTORIA",192726
"PROFESIONALES","8","PROFESOR DE ESTADO EN HISTORIA Y CIENCIAS SOCIALES","PROFESIONAL","CITECAMP",1737191
"PROFESOR HORAS CLASES","S/G","INGENIERO AGRONOMO","HORAS CLASE","DEPARTAMENTO GESTION AGRARIA",210525
"ACADEMICOS","4","DOCTOR EN CIENCIAS DE LA TIERRA Y MEDIO AMBIENTE. GEOESTADÍSTICA","ACADEMICO","DPTO INGENIERIA EN MINAS",3107653
"TECNICO","14","TECNICO UNIVERSITARIO EN ANALISIS QUIMICO Y FISICO","TECNICO ESPECIALIZADO","DPTO. QUIMICA DE LOS MATERIALE",820937
"PROFESOR HORAS CLASES","S/G","INGENIERO DE EJECUCION EN MECANICA","HORAS CLASE","DPTO INGENIERIA MECANICA",256280
"PROFESOR HORAS CLASES","S/G","PROFESOR DE ESTADO EN MATEMATICA Y COMPUTACION","HORAS CLASE","DPTO MAT. Y CS. DE LA COMP.",296182
"PROFESOR HORAS CLASES","S/G","INGENIERO DE EJECUCION EN QUIMICA","HORAS CLASE","DPTO INGENIERIA EN MINAS",1342896
"PROFESOR HORAS CLASES","S/G","INGENIERO DE EJECUCION EN QUIMICA","HORAS CLASE","DPTO INGENIERIA EN MINAS",308485
"PROFESOR HORAS CLASES","S/G","INGENIERO DE EJECUCION EN MECANICA","HORAS CLASE","DPTO. TECNOLOGIAS INDUSTRIALES",206819
"PROFESOR HORAS CLASES","S/G","PROFESOR DE ESTADO EN MATEMATICA Y COMPUTACION","HORAS CLASE","DPTO MAT. Y CS. DE LA COMP.",72374
"ACADEMICOS","6","MEDICO CIRUJANO","ACADEMICO","ESCUELA DE MEDICINA",2568466
"ACADEMICOS","6","INGENIERO CIVIL EN MECANICA","ACADEMICO","VICERRECTORIA ACADÉMICA",2586546
"PROFESOR HORAS CLASES","S/G","PROFESOR DE ESTADO EN MATEMATICA Y COMPUTACION","HORAS CLASE","DPTO MAT. Y CS. DE LA COMP.",217125
"PROFESOR HORAS CLASES","S/G","PROFESOR DE ESTADO EN MATEMATICA Y COMPUTACION","HORAS CLASE","DPTO MAT. Y CS. DE LA COMP.",289501
"TECNICO","12","SECRETARIA DE APOYO DOCENTE","SECRETARIA DE APOYO DOCENTE","DEPTO DE HISTORIA",791795
"ADMINISTRATIVO","16","TECNICO AUDIOVISUAL","TECNICO AUDIOVISUAL","VR. VINCULACION CON EL MEDIO",909869
"ADMINISTRATIVO","17","SECRETARIO B","SECRETARIO B","DPTO DE ECONOMIA",671851
"TECNICO","13","TECNICO EN ADMINISTRACION DE EMPRESAS","TECNICO CONTABLE","DEPTO. DE FINANZAS Y TESORERIA",721337
"ADMINISTRATIVO","18","SECRETARIA ADMINISTRATIVA","SECRETARIA ADMINISTRATIVA","CENTRO DE INTEGR ING SOCIEDAD",618284
"TECNICO","19","ASISTENTE DE MANTENCION","ASISTENTE DE MANTENCION","UNIDAD BIENESTAR DEL PERSONAL",622713
"PROFESOR HORAS CLASES","S/G","PSICOLOGO","HORAS CLASE","DPTO DE ADMINISTRACION",196432
"PROFESOR HORAS CLASES","S/G","PSICOLOGO","HORAS CLASE","DPTO DE ADMINISTRACION",301329
"PROFESOR HORAS CLASES","S/G","PSICOLOGO","HORAS CLASE","DPTO. GESTION Y POLITICAS PUB.",294648
"ACADEMICOS","4","DOUTOR EM ENGENHARIA ELETRICA","ACADEMICO","DPTO INGENIERIA ELECTRICA",3170987
"PROFESOR HORAS CLASES","S/G","MAGISTER EN INGENIERIA INFORMATICA","ANALISTA INFORMATICO","DPTO INGENIERIA INFORMATICA",503065
"TECNICO","17","TECNICO","TECNICO","DEPTO. DE FINANZAS Y TESORERIA",776290
"PROFESIONALES","10","MAGISTER EN INGENIERIA INFORMATICA","ANALISTA INFORMATICO","DPTO INGENIERIA INFORMATICA",1523009
"PROFESOR HORAS CLASES","S/G","HORAS CLASE","HORAS CLASE","DPTO. TECNOLOGIAS GENERALES",109636
"PROFESIONALES","6","PROFESIONAL","PROFESIONAL","VR. VINCULACION CON EL MEDIO",2011324
"PROFESIONALES","10","PSICOLOGA","PROFESIONAL","DEPTO. DESARROLLO DE PERSONAS",1475252
"PROFESIONALES","8","PERIODISTA","PERIODISTA","DEPARTAMENTO DE ESTUDIOS",1827194
"PROFESOR HORAS CLASES","S/G","INGENIERO CIVIL EN MINAS","HORAS CLASE","DPTO INGENIERIA EN MINAS",306889
"ACADEMICOS","4","DOCTOR EN CIENCIAS DE LA INGENIERIA CON MENCION EN INGENIERIA DE PROCESOS","ACADEMICO","DPTO INGENIERIA ELECTRICA",3213209
"AUXILIARES","23","AUXILIAR","AUXILIAR","DIR. ASISTENCIA JURIDICA",506774
"PROFESIONALES","13","INGENIERO DE EJECUCION EN CLIMATIZACION","PROFESIONAL","DPTO DE GESTIÓN DE LA INFRAEST",1188565
"ADMINISTRATIVO","17","SECRETARIA DE APOYO DOCENTE","SECRETARIA DE APOYO DOCENTE","FACULTAD DE QUIMICA Y BIOLOGIA",924738
"PROFESOR HORAS CLASES","S/G","DOCTOR EN CIENCIAS DE LA INFORMACION","HORAS CLASE","DEPARTAMENTO GESTION AGRARIA",1036542
"PROFESOR HORAS CLASES","S/G","CONTADOR PUBLICO Y AUDITOR","HORAS CLASE","DPTO CONTABILIDAD Y AUDITOR",248723
"ACADEMICOS","6","DOCTOR EN CIENCIAS DE LA MOTRICIDAD HUMANA","ACADEMICO","CARRERA LICEN CS. ACTIV. FISIC",1283494
"PROFESOR HORAS CLASES","S/G","PROFESORA DE EDUCACION MEDIA EN ARTES PLASTICAS","HORAS CLASE","DPTO LINGUISTICA Y LITERATURA",253469
"AUXILIARES","23","AUXILIAR","AUXILIAR","UNIDAD DE GESTION DEL CAMPUS",506774
"PROFESOR HORAS CLASES","S/G","PSICOLOGO","HORAS CLASE","UNIDAD PROMOCIÓN DE LA SALUD",247858
"PROFESOR HORAS CLASES","S/G","INGENIERO CIVIL EN OBRAS CIVILES","HORAS CLASE","DPTO INGENIERIA OBRAS CIVILES",490763
"PROFESOR HORAS CLASES","S/G","INGENIERO DE EJECUCION EN MECANICA","HORAS CLASE","DPTO  INGENIERIA INDUSTRIAL",383980
"ACADEMICOS","2","MEDICO CIRUJANO","CONSEJERO FACULTAD","ESCUELA DE MEDICINA",4082544
"PROFESOR HORAS CLASES","S/G","DOCTOR EN FILOSOFIA CON MENCION EN CIENCIAS FISICAS","HORAS CLASE","DPTO. TECNOLOGIAS INDUSTRIALES",547714
"ACADEMICOS","4","MASTER EN HISTORIA ARTE ARQUITECTURA Y CIUDAD","DIR ESC DE ARQUITECTURA","ESCUELA DE ARQUITECTURA",4309047
"ADMINISTRATIVO","17","SECRETARIADO COMERCIAL","SECRETARIA ADMINISTRATIVA","DPTO. TECNOLOGIAS GENERALES",697015
"ADMINISTRATIVO","16","SECRETARIA EJECUTIVA TRADUCTORA BILINGUE","SECRETARIA DE APOYO DOCENTE","DPTO INGENIERIA EN MINAS",661500
"PROFESIONALES","14","INGENIERO DE EJECUCION EN ADMINISTRACION DE EMPRESAS","ANALISTA EN GESTION ADM.","DPTO MAT. Y CS. DE LA COMP.",1398150
"PROFESOR HORAS CLASES","S/G","PROFESOR DE EDUCACION GENERAL BASICA","HORAS CLASE","DEPARTAMENTO DE FISICA",500255
"PROFESOR HORAS CLASES","S/G","ENFERMERA","HORAS CLASE","ESCUELA DE ENFERMERIA",637453
"PROFESOR HORAS CLASES","S/G","MATRON","HORAS CLASE","ESCUELA DE OBST Y PUERICULTURA",498311
"ACADEMICOS","8","CONTADOR PUBLICO Y AUDITOR","ACADEMICO","DPTO. DE INVEST. CIENTIFICA",2094384
"PROFESIONALES","13","TECNOLOGO EN ADMINISTRACION DE PERSONAL","ANALISTA II","UNIDAD DE COORDINACIÓN INSTIT.",1255216
"TECNICO","18","GASFITER","GASFITER","UNIDAD DE GESTION DEL CAMPUS",790172
"ADMINISTRATIVO","16","SECRETARIA DE DEPARTAMENTO","SECRETARIA DE DEPARTAMENTO","CECTA",842191
"PROFESIONALES","9","CONTADOR AUDITOR","JEFE DE SECCION","UNIDAD BIENESTAR DEL PERSONAL",1661214
"ADMINISTRATIVO","20","ASISTENTE DE BIBLIOTECA","ASISTENTE DE BIBLIOTECA","FACULTAD DE CIENCIAS MEDICAS",598258
"PROFESIONALES","10","SOCIOLOGO","ANALISTA DE CALIDAD","DIRECCIÓN CALIDAD Y SISTEMAS",1547720
"PROFESIONALES","9","MAGISTER EN EDUCACION CON MENCION EN CURRICULUM Y EVALUACION","JEFE DE LABORATORIO","DPTO. TECNOLOGIAS INDUSTRIALES",1840908
"PROFESOR HORAS CLASES","S/G","MAGISTER EN EDUCACION CON MENCION EN CURRICULUM Y EVALUACION","JEFE DE LABORATORIO","DPTO. TECNOLOGIAS INDUSTRIALES",925451
"PROFESOR HORAS CLASES","S/G","SOCIOLOGO","HORAS CLASE","DPTO INGENIERIA INFORMATICA",130513
"ACADEMICOS","6","MAGISTER EN ARQUITECTURA","DIR DEPTO  TECNO GENERALES","DPTO. TECNOLOGIAS GENERALES",4294332
"ACADEMICOS","2","MEDICO CIRUJANO","ACADEMICO","ESCUELA DE MEDICINA",3076282
"PROFESOR HORAS CLASES","S/G","MASTER EN ESTADISTICA MATEMATICA","HORAS CLASE","DPTO DE ADMINISTRACION",623648
"PROFESOR HORAS CLASES","S/G","HORAS CLASE","HORAS CLASE","DPTO INGENIERIA ELECTRICA",455168
"PROFESOR HORAS CLASES","S/G","SOCIOLOGO","HORAS CLASE","DPTO INGENIERIA INFORMATICA",267707
"PROFESOR HORAS CLASES","S/G","QUIMICO","HORAS CLASE","DPTO. QUIMICA DE LOS MATERIALE",253469
"PROFESOR HORAS CLASES","S/G","MAGISTER EN ASENTAMIENTOS HUMANOS Y MEDIO AMBIENTE","HORAS CLASE","PROGRAMA BACHILLERATO",723750
"PROFESOR HORAS CLASES","S/G","HORAS CLASE","HORAS CLASE","ESCUELA DE OBST Y PUERICULTURA",625085
"PROFESOR HORAS CLASES","S/G","PROFESOR DE ESTADO EN HISTORIA Y GEOGRAFIA","HORAS CLASE","DPTO LINGUISTICA Y LITERATURA",248723
"PROFESOR HORAS CLASES","S/G","MAGISTER EN ASENTAMIENTOS HUMANOS Y MEDIO AMBIENTE","HORAS CLASE","PROGRAMA BACHILLERATO",440930
"PROFESOR HORAS CLASES","S/G","MAGISTER ARTIUM EN LA MENCION DE HISTORIA","HORAS CLASE","DEPTO DE HISTORIA",300928
"PROFESOR HORAS CLASES","S/G","DOCTOR EN ESTUDIOS AMERICANOS ESPECIALIDAD PENSAMIENTO Y CULTURA","HORAS CLASE","ESCUELA DE ARQUITECTURA",206009
"ADMINISTRATIVO","17","ADMINISTRATIVO DE REGISTRO CUR","ADMINISTRATIVO DE REGISTRO CUR","FACULTAD DE CIENCIAS MEDICAS",628007
"PROFESOR HORAS CLASES","S/G","INGENIERO CIVIL EN MINAS","HORAS CLASE","DPTO INGENIERIA EN MINAS",206819
"PROFESIONALES","10","ANALISTA DE GESTION ESTRATEGIC","ANALISTA DE GESTION ESTRATEGIC","DEPTO. DE GESTION ESTRATEGICA",1475252
"PROFESOR HORAS CLASES","S/G","PROFESOR DE ESTADO EN FISICA Y MATEMATICA","HORAS CLASE","DEPARTAMENTO DE FISICA",655036
"ACADEMICOS","6","MAGISTER EN CIENCIAS. MENCION ANATOMIA HUMANA","ACADEMICO","VICERRECTORIA ACADÉMICA",2145521
"PROFESOR HORAS CLASES","S/G","PROFESOR DE ESTADO EN MATEMATICA Y COMPUTACION","HORAS CLASE","DPTO MAT. Y CS. DE LA COMP.",961820
"PROFESOR HORAS CLASES","S/G","ARQUITECTO","HORAS CLASE","ESCUELA DE ARQUITECTURA",272453
"TECNICO","14","TECNICO EN ADMINISTRACION FINANCIERA","TECNICO CONTABLE","UNIDAD REGIST. ACAD Y CURRICUL",668676
"ADMINISTRATIVO","10","SECRETARIA DE RECTOR","SECRETARIA DE RECTOR","RECTORIA",910688
"PROFESIONALES","10","ANALISTA DE PROYECTOS I","ANALISTA DE PROYECTOS I","UNIDAD DESARR. PROYECTOS TECN.",1475252
"ADMINISTRATIVO","15","SECRETARIA DE DEPARTAMENTO","SECRETARIA DE DEPARTAMENTO","DEPARTAMENTO DE COMUNICACIONES",832854
"PROFESOR HORAS CLASES","S/G","PUBLICISTA","HORAS CLASE","DPTO INGENIERIA GEOGRAFICA",261026
"PROFESOR HORAS CLASES","S/G","PUBLICISTA","HORAS CLASE","DEPTO. DE PUBLICIDAD E IMAGEN",210525
"PROFESOR HORAS CLASES","S/G","HORAS CLASE","HORAS CLASE","DPTO INGENIERIA MECANICA",83897
"ADMINISTRATIVO","20","SECRETARIA(O) C ADMINISTRATIVO","SECRETARIA(O) C ADMINISTRATIVO","FACULTAD DE HUMANIDADES",545788
"ADMINISTRATIVO","20","ADMINISTRATIVO","ADMINISTRATIVO","ESCUELA DE PSICOLOGIA",545788
"PROFESIONALES","10","TECNOLOGO EN ADMINISTRACION DE PERSONAL","JEFE ADMINISTRACION Y FINANZAS","DIRECCIÓN DE POSTGRADO",1643233
"PROFESOR HORAS CLASES","S/G","HORAS CLASE","HORAS CLASE","DPTO. QUIMICA DE LOS MATERIALE",500255
"AUXILIARES","21","ESTAFETA","ESTAFETA","DPTO INGENIERIA METALURGICA",731483
"ACADEMICOS","4","TERAPEUTA OCUPACIONAL","DIRECTORA DPTO FORMAC INTEGRAL","VICERRECTORIA ACADÉMICA",3493212
"PROFESIONALES","12","PERIODISTA","PERIODISTA","RADIOEMISORAS",1502238
"PROFESIONALES","8","ASISTENTE SOCIAL","ASIST SOCIAL BIEN ESTUDIANTIL","FACULTAD DE INGENIERÍA",1930715
"PROFESIONALES","13","MAGISTER EN CIENCIAS QUIMICAS","ENCARGADO DE LABORATORIO","FACULTAD DE QUIMICA Y BIOLOGIA",1268546
"PROFESOR HORAS CLASES","S/G","MEDICO VETERINARIO","HORAS CLASE","ESCUELA DE MEDICINA",686925
"ADMINISTRATIVO","10","REGISTRADOR CURRICULAR","REGISTRADOR CURRICULAR","FACULTAD DE CIENCIAS MEDICAS",1072155
"PROFESOR HORAS CLASES","S/G","MATRON (A)","HORAS CLASE","ESCUELA DE OBST Y PUERICULTURA",563243
"PROFESOR HORAS CLASES","S/G","DOCTOR OF ENGINEERING SCIENCE","HORAS CLASE","DPTO. TECNOLOGIAS INDUSTRIALES",262961
"PROFESOR HORAS CLASES","S/G","PROFESOR DE EDUCACION MEDIA EN CASTELLANO","HORAS CLASE","DPTO LINGUISTICA Y LITERATURA",191994
"PROFESOR HORAS CLASES","S/G","MAGISTER EN CIENCIA EN LA ESPECIALIDAD DE MATEMATICA","HORAS CLASE","DPTO MAT. Y CS. DE LA COMP.",1031796
"PROFESOR HORAS CLASES","S/G","INGENIERO CIVIL DE INDUSTRIAL","HORAS CLASE","DPTO  INGENIERIA INDUSTRIAL",58159
"ACADEMICOS","8","MAGISTER EN CIENCIAS DE LA INGENIERIA MENCION CIENCIA E INGENIERIA DE LOS MATERIALES","ACADEMICO","DPTO. DE INVEST. CIENTIFICA",1046458
"ACADEMICOS","6","DOCTOR EN CIENCIAS CON MENCION EN FISICA","ACADEMICO","DEPARTAMENTO DE FISICA",2586546
"PROFESOR HORAS CLASES","S/G","INGENIERO CIVIL EN INFORMATICA","HORAS CLASE","DPTO CONTABILIDAD Y AUDITOR",167467
"TECNICO","19","TRABAJADOR SOCIAL CON MENCION EN INTERVENCION SOCIAL","ASISTENTE DE MANTENCION","DEPARTAMENTO DE EXTENSION",278386
"PROFESIONALES","12","PROFESOR DE ESTADO DE HISTORIA Y GEOGRAFIA","ANALISTA","VICERRECTORIA ACADÉMICA",987731
"ACADEMICOS","6","DOCTOR EN QUIMICA","JEFE CARR TEC ANALIS QCO Y FIS","DPTO. CIENCIAS DEL AMBIENTE",2961751
"PROFESOR HORAS CLASES","S/G","INGENIERO CIVIL ELECTRICISTA","HORAS CLASE","DPTO INGENIERIA ELECTRICA",616967
"PROFESOR HORAS CLASES","S/G","INGENIERO CIVIL ELECTRICISTA","HORAS CLASE","DPTO INGENIERIA ELECTRICA",623648
"PROFESOR HORAS CLASES","S/G","INGENIERO CIVIL EN MECANICA","HORAS CLASE","DPTO INGENIERIA EN MINAS",164375
"PROFESOR HORAS CLASES","S/G","INGENIERO CIVIL EN MECANICA","HORAS CLASE","DPTO INGENIERIA METALURGICA",157694
"PROFESIONALES","14","COMUNICADOR SOCIAL EN MARKETING","PROFESIONAL","CENTRO DE INTEGR ING SOCIEDAD",1199063
"PROFESOR HORAS CLASES","S/G","HORAS CLASE","HORAS CLASE","ESCUELA DE ARQUITECTURA",974846
"PROFESOR HORAS CLASES","S/G","HORAS CLASE","HORAS CLASE","DPTO INGENIERIA EN MINAS",369742
"PROFESOR HORAS CLASES","S/G","HORAS CLASE","HORAS CLASE","DPTO INGENIERIA GEOGRAFICA",109636
"PROFESOR HORAS CLASES","S/G","MAGISTER EN ADMINISTRACION (MBA) CON MENCION GESTION EN FINANZAS","HORAS CLASE","DPTO  INGENIERIA INDUSTRIAL",376861
"PROFESOR HORAS CLASES","S/G","ENFERMERA","HORAS CLASE","ESCUELA DE ENFERMERIA",559379
"PROFESOR HORAS CLASES","S/G","DOCTOR EN ESTUDIOS AMERICANOS ESPECIALIDAD ESTUDIOS INTERNACIONALES","HORAS CLASE","DEPTO DE HISTORIA",61696
"PROFESOR HORAS CLASES","S/G","DOCTOR EN ESTUDIOS AMERICANOS ESPECIALIDAD ESTUDIOS INTERNACIONALES","HORAS CLASE","DEPTO DE HISTORIA",191771
"ACADEMICOS","4","DOCTOR EN HISTORIA MENCION EN HISTORIA DE CHILE","ACADEMICO","DEPTO DE HISTORIA",3297654
"PROFESOR HORAS CLASES","S/G","INGENIERO CIVIL EN INFORMATICA","HORAS CLASE","DPTO INGENIERIA INFORMATICA",528730
"PROFESOR HORAS CLASES","S/G","INGENIERO EN ALIMENTOS","HORAS CLASE","DPTO CIENCIA Y TEC.DE LOS ALIM",107481
"PROFESOR HORAS CLASES","S/G","INGENIERO EN ALIMENTOS","HORAS CLASE","DPTO CIENCIA Y TEC.DE LOS ALIM",107481
"PROFESOR HORAS CLASES","S/G","MAGISTER EN DERECHO. MENCION EN DERECHO INTERNACIONAL","HORAS CLASE","DPTO LINGUISTICA Y LITERATURA",286690
"PROFESOR HORAS CLASES","S/G","PROFESOR DE FISICA","HORAS CLASE","DEPARTAMENTO DE FISICA",1240616
"PROFESOR HORAS CLASES","S/G","INGENIERIA CIVIL EN QUIMICA","HORAS CLASE","DPTO INGENIERIA QUIMICA",153805
"PROFESOR HORAS CLASES","S/G","INGENIERIA CIVIL EN QUIMICA","HORAS CLASE","DPTO INGENIERIA QUIMICA",147124
"PROFESOR HORAS CLASES","S/G","INGENIERO EN ALIMENTOS","HORAS CLASE","DPTO CIENCIA Y TEC.DE LOS ALIM",221644
"PROFESOR HORAS CLASES","S/G","PROFESOR DE INGLES","HORAS CLASE","DPTO LINGUISTICA Y LITERATURA",334435
"AUXILIARES","21","AUXILIAR DE SERVICIOS","AUXILIAR DE SERVICIOS","PROGRAMA BACHILLERATO",700990
"AUXILIARES","23","ESTAFETA","ESTAFETA","DEPARTAMENTO DE COMUNICACIONES",516459
"ADMINISTRATIVO","14","ADMINISTRATIVO","ADMINISTRATIVO","DEPTO. DE PUBLICIDAD E IMAGEN",897859
"TECNICO","9","TECNICO SUPERIOR EN ELECTRONICA CON MENCION EN MICROCOMPUTADORES","TEC. DE SOPORTE Y ESPECIALIDAD","RADIOEMISORAS",998187
"PROFESIONALES","11","INGENIERO DE EJECUCION EN ALIMENTOS","ENCARGADO DE LABORATORIO","DPTO CIENCIA Y TEC.DE LOS ALIM",1591687
"TECNICO","17","AUXILIAR DE ENFERMERIA","AUXILIAR DE ENFERMERIA","CENTRO DE SALUD",616506
"ADMINISTRATIVO","15","SECRETARIA DE APOYO DOCENTE","SECRETARIA DE APOYO DOCENTE","DPTO INGENIERIA QUIMICA",846008
"PROFESIONALES","6","INGENIERO CIVIL INDUSTRIAL","ASESOR","CENTRO DE INTEGR ING SOCIEDAD",2134003
"ADMINISTRATIVO","17","TRABAJADOR SOCIAL","ADMINISTRATIVO DE PROCESO","FACULTAD DE INGENIERÍA",593503
"PROFESIONALES","11","BIOTECNOLOGO MENCION GESTION TECNOLOGICA","PROFESIONAL","VR INVEST. DESARR E INNOVACION",1396120
"PROFESIONALES","10","PSICOLOGO","ANALISTA DE LA CALIDAD","DIRECCIÓN CALIDAD Y SISTEMAS",1475252
"PROFESIONALES","11","TECNOLOGO EN ADMINISTRACION DE PERSONAL","PROFESIONAL","DEPARTAMENTO DE COMUNICACIONES",1633242
"TECNICO","20","ASISTENTE TECNICO IMPRESIONES","ASISTENTE TECNICO IMPRESIONES","DEPARTAMENTO DE COMUNICACIONES",556282
"ADMINISTRATIVO","16","SECRETARIA DE CENTRO","SECRETARIA DE CENTRO","CENTRO INNOV. Y TRANSFER.TECN",673409
"AUXILIARES","21","AUXILIAR DE SERVICIOS","AUXILIAR DE SERVICIOS","DPTO  INGENIERIA INDUSTRIAL",731483
"PROFESIONALES","13","EDUCADORA DE PARVULOS","EDUCADOR DE PARVULOS","UNIDAD BIENESTAR DEL PERSONAL",1424885
"PROFESIONALES","8","INGENIERO CIVIL DE INDUSTRIAL","ASESOR DE RECTORIA","RECTORIA",1701190
"PROFESOR HORAS CLASES","S/G","INGENIERO CIVIL INDUSTRIAL","ASESOR","DPTO  INGENIERIA INDUSTRIAL",265772
"PROFESOR HORAS CLASES","S/G","INGENIERO DE EJECUCION EN ALIMENTOS","ENCARGADO DE LABORATORIO","DPTO CIENCIA Y TEC.DE LOS ALIM",607475
"PROFESOR HORAS CLASES","S/G","DOTTORE IN PEDAGOGIA CON LODE","HORAS CLASE","DEPARTAMENTO DE EDUCACIÓN",528730
"PROFESIONALES","12","TECNOLOGO EN CONSTRUCCIONES","PROYECTISTA SANITARIO","UNIDAD DE CONSTRUCCIÓN",1407662
"TECNICO","20","MUSICO","MUSICO","DEPARTAMENTO DE EXTENSION",619246
"PROFESOR HORAS CLASES","S/G","HORAS CLASE","HORAS CLASE","DPTO INGENIERIA QUIMICA",243220
"PROFESIONALES","8","ABOGADO(A)","ABOGADO","DIR. ASISTENCIA JURIDICA",1701190
"TECNICO","17","AUXILIAR DE ENFERMERIA","AUXILIAR DE ENFERMERIA","CENTRO DE SALUD",671851
"PROFESOR HORAS CLASES","S/G","DOCTOR EN ARQUITECTURA Y PATRIMONIO CULTURAL-AMBIENTAL(INVEST. REFLEX. ACCION)","HORAS CLASE","DEPTO DE HISTORIA",251534
"PROFESOR HORAS CLASES","S/G","MEDICO CIRUJANO","HORAS CLASE","ESCUELA DE MEDICINA",482851
"PROFESOR HORAS CLASES","S/G","HORAS CLASE","HORAS CLASE","DPTO MAT. Y CS. DE LA COMP.",384722
"TECNICO","18","TECNICO EN MAQUINAS OFFSETT","TECNICO EN MAQUINAS OFFSETT","DPTO INGENIERIA MECANICA",790172
"ADMINISTRATIVO","17","ADMINISTRATIVO DE PROCESO","ADMINISTRATIVO DE PROCESO","DPTO. DE RECURSOS HUMANOS",593503
"ACADEMICOS","4","DOCTOR OF ECONOMICS","ACADEMICO","DPTO. DE INVEST. CIENTIFICA",3128764
"ADMINISTRATIVO","12","ADMINISTRATIVO ESPECIALES","ADMINISTRATIVO ESPECIALES","SELLO EDITORIAL",749415
"PROFESOR HORAS CLASES","S/G","PROFESOR DE ESTADO EN MATEMATICA Y COMPUTACION","HORAS CLASE","DPTO MAT. Y CS. DE LA COMP.",1088747
"PROFESOR HORAS CLASES","S/G","DOCTOR OF PHILOSOPHY","HORAS CLASE","DPTO INGENIERIA GEOGRAFICA",305674
"PROFESIONALES","14","TECNOLOGO EN CONTROL INDUSTRIAL","ANALISTA","UNIDAD DE ADQUISICIONES",1147781
"PROFESOR HORAS CLASES","S/G","QUIMICO FARMACEUTICO","HORAS CLASE","DEPARTAMENTO DE BIOLOGIA",837214
"PROFESOR HORAS CLASES","S/G","INGENIERO CIVIL ELECTRONICO","HORAS CLASE","DPTO INGENIERIA ELECTRICA",322067
"ACADEMICOS","6","DOCTOR EN CIENCIAS DE RECURSOS NATURALES","ACADEMICO","DPTO. QUIMICA DE LOS MATERIALE",2622706
"PROFESOR HORAS CLASES","S/G","INGENIERO CIVIL EN GEOGRAFIA","HORAS CLASE","DPTO INGENIERIA GEOGRAFICA",141940
"PROFESOR HORAS CLASES","S/G","PROFESOR DE ESTADO DE MATEMATICAS Y ESTADISTICA","HORAS CLASE","DPTO MAT. Y CS. DE LA COMP.",614156
"PROFESOR HORAS CLASES","S/G","PROFESOR DE ESTADO DE MATEMATICAS Y ESTADISTICA","HORAS CLASE","DPTO MAT. Y CS. DE LA COMP.",455606
"ACADEMICOS","6","INGENIERO EN ALIMENTOS","ACADEMICO","DPTO. DE INVEST. CIENTIFICA",2550387
"PROFESOR HORAS CLASES","S/G","PROFESOR DE ESTADO DE MATEMATICAS Y ESTADISTICA","HORAS CLASE","DPTO MAT. Y CS. DE LA COMP.",151869
"ACADEMICOS","6","PERIODISTA","JEFE CARRERA DE PERIODISMO","VICERRECTORIA ACADÉMICA",2925591
"PROFESOR HORAS CLASES","S/G","INGENIERO CIVIL DE INDUSTRIAS CON MENCION EN ELECTRICIDAD","HORAS CLASE","DPTO MAT. Y CS. DE LA COMP.",469406
"PROFESIONALES","13","SOCIOLOGO","ANALISTA BASE DE DATOS","UNIDAD REGIST. ACAD Y CURRICUL",1224799
"PROFESOR HORAS CLASES","S/G","INGENIERO CIVIL MECANICO","HORAS CLASE","DPTO INGENIERIA MECANICA",58159
"PROFESOR HORAS CLASES","S/G","PROFESOR DE ESTADO EN MATEMATICA Y COMPUTACION","HORAS CLASE","DPTO MAT. Y CS. DE LA COMP.",315166
"PROFESIONALES","8","PROFESOR DE EDUCACION MEDIA EN MATEMATICAS Y FÍSICA","JEFE DE AREA","VICERRECTORIA ACADÉMICA",1271448
"ADMINISTRATIVO","15","SECRETARIA ADMINISTRATIVA","SECRETARIA ADMINISTRATIVA","UNIDAD DE BIBLIOTECAS",869088
"PROFESOR HORAS CLASES","S/G","INGENIERO CIVIL EN QUIMICA","HORAS CLASE","DPTO INGENIERIA QUIMICA",170559
"PROFESOR HORAS CLASES","S/G","MAGISTER EN EDUCACION MENCION ORIENTACION EDUCACIONAL","HORAS CLASE","DEPARTAMENTO DE EDUCACIÓN",206819
"PROFESOR HORAS CLASES","S/G","PROFESOR DE ESTADO EN INGLES","HORAS CLASE","DPTO LINGUISTICA Y LITERATURA",674557
"AUXILIARES","23","AUXILIAR DE SERVICIOS","AUXILIAR DE SERVICIOS","FACULTAD DE QUIMICA Y BIOLOGIA",506774
"ADMINISTRATIVO","21","ADMINISTRATIVO","ADMINISTRATIVO","DIRECCIÓN CALIDAD Y SISTEMAS",569976
"PROFESIONALES","10","SOCIOLOGO","ANALISTA DE LA CALIDAD","DIRECCIÓN CALIDAD Y SISTEMAS",1475252
"PROFESOR HORAS CLASES","S/G","PROFESOR DE ESTADO EN MATEMATICA Y COMPUTACION","HORAS CLASE","DPTO MAT. Y CS. DE LA COMP.",1069764
"ACADEMICOS","6","PERIODISTA","SECRETARIO FACULTAD DE DERECHO","FACULTAD DE DERECHO",3253080
"PROFESIONALES","8","INGENIERO EN GESTION INFORMATICA","PROFESIONAL","DPTO INGENIERIA METALURGICA",1845194
"PROFESOR HORAS CLASES","S/G","HORAS CLASE","HORAS CLASE","DPTO LINGUISTICA Y LITERATURA",408642
"ACADEMICOS","4","DOCTOR EN ESTUDIOS AMERICANOS EN LA MENCION PENSAMIENTO Y CULTURA","ACADEMICO","INSTITUTO DE ESTUDIOS AVANZADO",3107653
"PROFESIONALES","6","ABOGADO(A)","ABOGADO","DIR. ASISTENCIA JURIDICA",2031770
"PROFESOR HORAS CLASES","S/G","QUIMICO","HORAS CLASE","DPTO. QUIMICA DE LOS MATERIALE",203844
"PROFESOR HORAS CLASES","S/G","INGENIERO DE EJECUCION EN GEOMENSURA","HORAS CLASE","DPTO INGENIERIA GEOGRAFICA",747936
"PROFESOR HORAS CLASES","S/G","QUIMICO","HORAS CLASE","DPTO. QUIMICA DE LOS MATERIALE",481219
"PROFESOR HORAS CLASES","S/G","MAGISTER EN ESTUDIOS SOCIALES Y POLITICOS LATINOAMERICANOS","HORAS CLASE","DEPTO DE HISTORIA",262961
"PROFESOR HORAS CLASES","S/G","INGENIERO COMERCIAL EN ECONOMIA","HORAS CLASE","DPTO CONTABILIDAD Y AUDITOR",248723
"ACADEMICOS","6","DOCTOR EN QUIMICA INORGÁNICA MOLECULAR","ACADEMICO","DPTO. QUIMICA DE LOS MATERIALE",2568466
"ADMINISTRATIVO","20","ADMINISTRATIVO DE APOYO","ADMINISTRATIVO DE APOYO","DPTO. PLANFIC Y PRESUPUESTARIA",587764
"ADMINISTRATIVO","20","ASISTENTE DE BIBLIOTECA","ASISTENTE DE BIBLIOTECA","UNIDAD DE BIBLIOTECAS",545788
"PROFESIONALES","10","MAGISTER EN GESTION CULTURAL APLICADA: POLITICAS Y GESTION DE INSTITUCIONES CULTURALES","JEFE DE SECCION","UNIDAD DE VOCACION ARTISTICA",776687
"PROFESIONALES","10","SOCIOLOGO","ANALISTA DE GESTION I","DIR.  DESARROLLO INSTITUCIONAL",1475252
"PROFESIONALES","12","INGENIERO DE EJECUCION EN TEXTIL","ENCARGADO DE LABORATORIO","DPTO INGENIERIA QUIMICA",724284
"PROFESOR HORAS CLASES","S/G","MAGISTER EN GESTION CULTURAL APLICADA: POLITICAS Y GESTION DE INSTITUCIONES CULTURALES","JEFE DE SECCION","UNIDAD DE VOCACION ARTISTICA",1044099
"PROFESOR HORAS CLASES","S/G","MAGISTER EN HISTORIA EN LA MENCION DE HISTORIA DE CHILE","HORAS CLASE","DEPTO DE HISTORIA",253469
"PROFESOR HORAS CLASES","S/G","INGENIERO COMERCIAL","HORAS CLASE","DPTO  INGENIERIA INDUSTRIAL",635513
"PROFESOR HORAS CLASES","S/G","HORAS CLASE","HORAS CLASE","DPTO INGENIERIA QUIMICA",408642
"PROFESOR HORAS CLASES","S/G","DOCTOR EN GEOGRAFIA. PLANIFICACION TERRITORIAL Y GESTION AMBIENTAL","HORAS CLASE","PROGRAMA BACHILLERATO",652562
"ACADEMICOS","6","ADMINISTRADOR PUBLICO","JEFE DE CARRERA ADM. PUBLICA","DPTO. GESTION Y POLITICAS PUB.",2997910
"PROFESOR HORAS CLASES","S/G","PROFESOR DE INGLES","HORAS CLASE","DPTO. GESTION Y POLITICAS PUB.",280009
"PROFESOR HORAS CLASES","S/G","HORAS CLASE","HORAS CLASE","DPTO LINGUISTICA Y LITERATURA",429197
"PROFESOR HORAS CLASES","S/G","MAGISTER EN LINGÜÍSTICA MENCION SOCIOLINGUISTICA HISPONOAMERICANA","HORAS CLASE","DPTO LINGUISTICA Y LITERATURA",206819
"PROFESOR HORAS CLASES","S/G","INGENIERO CIVIL EN MINAS","HORAS CLASE","DPTO INGENIERIA EN MINAS",253469
"PROFESOR HORAS CLASES","S/G","DOCTOR EN GEOGRAFIA. PLANIFICACION TERRITORIAL Y GESTION AMBIENTAL","HORAS CLASE","PROGRAMA BACHILLERATO",398217
"ACADEMICOS","6","MASTER UNIVERSITARIO DI I LIVELLO IN DESIGN PER LO SVILUPPO DEL PRODOTTO INDUSTRIALE","ACADEMICO","DPTO. TECNOLOGIAS GENERALES",2622706
"PROFESOR HORAS CLASES","S/G","PROFESOR DE INGLES","HORAS CLASE","DPTO. GESTION Y POLITICAS PUB.",286690
"ADMINISTRATIVO","17","SECRETARIA DE DIRECCION","SECRETARIA DE DIRECCION","DIRECCIÓN DE POSTGRADO",889024
"PROFESIONALES","6","INGENIERO CIVIL EN INFORMATICA","PROFESIONAL","UNIDAD REGIST. ACAD Y CURRICUL",2188661
"AUXILIARES","21","MAYORDOMO","MAYORDOMO","CENTRO FELIX KLEIN",541881
"PROFESIONALES","10","PERIODISTA","PROFESIONAL","DEPARTAMENTO DE COMUNICACIONES",1475252
"PROFESIONALES","10","INGENIERO DE EJECUCION EN MINAS","RESPONSABLE TEC TEMP Y PRESION","DPTO INGENIERIA ELECTRICA",1491171
"AUXILIARES","19","AUXILIAR DE SERVICIOS","AUXILIAR DE SERVICIOS","INSTITUTO DE ESTUDIOS AVANZADO",601224
"ADMINISTRATIVO","15","SECRETARIA DE APOYO DOCENTE","SECRETARIA DE APOYO DOCENTE","DPTO MAT. Y CS. DE LA COMP.",882242
"ADMINISTRATIVO","18","ADMINISTRATIVO DE REGISTRO CUR","ADMINISTRATIVO DE REGISTRO CUR","FACULTAD DE ADMINIST Y ECONOMI",629392
"PROFESIONALES","10","CONTADOR PUBLICO Y AUDITOR","AUDITOR I","CONTRALORIA UNIVERSITARIA",1475252
"PROFESOR HORAS CLASES","S/G","INGENIERO CIVIL EN INFORMATICA","PROFESIONAL","DPTO MAT. Y CS. DE LA COMP.",560016
"PROFESOR HORAS CLASES","S/G","INGENIERO CIVIL EN INFORMATICA","PROFESIONAL","DPTO MAT. Y CS. DE LA COMP.",146686
"PROFESOR HORAS CLASES","S/G","INGENIERO CIVIL EN INFORMATICA","PROFESIONAL","DPTO MAT. Y CS. DE LA COMP.",140005
"AUXILIARES","21","MAYORDOMO","MAYORDOMO","FACULTAD DE CIENCIAS MEDICAS",559812
"PROFESIONALES","14","BIBLIOTECARIO DOCUMENTALISTA","BIBLIOTECARIO","FACULTAD DE HUMANIDADES",1160601
"PROFESOR HORAS CLASES","S/G","PERIODISTA","HORAS CLASE","ESCUELA DE PERIODISMO",377309
"PROFESIONALES","8","ABOGADO(A)","ABOGADO","CONTRALORIA UNIVERSITARIA",1737191
"PROFESOR HORAS CLASES","S/G","PSICOLOGO","HORAS CLASE","DPTO. TECNOLOGIAS GENERALES",253469
"ACADEMICOS","4","DOCTOR OF PHILOSOPHY IN TECHNICAL SCIENCES","ACADEMICO","DPTO INGENIERIA METALURGICA",3213209
"PROFESOR HORAS CLASES","S/G","PUBLICISTA","HORAS CLASE","DEPTO. DE PUBLICIDAD E IMAGEN",528730
"ADMINISTRATIVO","17","SECRETARIA DE DIRECCION","SECRETARIA DE DIRECCION","DPTO INGENIERIA METALURGICA",671851
"ACADEMICOS","4","DOCTOR EN MICROBIOLOGIA","ACADEMICO","DEPARTAMENTO DE BIOLOGIA",3107653
"TECNICO","18","TECNICO EN BIBLIOTECAS","TECNICO EN BIBLIOTECAS","UNIDAD DE BIBLIOTECAS",596067
"AUXILIARES","21","ESTAFETA","ESTAFETA","ESCUELA DE MEDICINA",718140
"ADMINISTRATIVO","12","ADMINISTRATIVO ESPECIALES","ADMINISTRATIVO ESPECIALES","DEPTO. BENEFICIOS ESTUDIANTILE",984592
"ADMINISTRATIVO","17","ADMINISTRATIVO DE APOYO","ADMINISTRATIVO DE APOYO","DPTO MAT. Y CS. DE LA COMP.",605004
"PROFESIONALES","10","INGENIERO FISICO","ANALISTA DE GESTION I","DIRECCIÓN DE POSTGRADO",1475252
"ADMINISTRATIVO","15","SECRETARIO B","SECRETARIO B","DPTO INGENIERIA QUIMICA",722228
"PROFESIONALES","6","PSICOLOGO CLINICO","PSICOLOGO CLINICO","ESCUELA DE PSICOLOGIA",577345
"PROFESOR HORAS CLASES","S/G","ENFERMERA","HORAS CLASE","ESCUELA DE ENFERMERIA",711662
"PROFESOR HORAS CLASES","S/G","INGENIERO CIVIL DE INDUSTRIAS","HORAS CLASE","DPTO. TECNOLOGIAS INDUSTRIALES",243977
"ACADEMICOS","4","DOCTOR EN CIENCIAS CON MENCION EN FISICA","ACADEMICO","DEPARTAMENTO DE FISICA",3107653
"PROFESOR HORAS CLASES","S/G","PROFESOR DE INGLES","HORAS CLASE","DPTO LINGUISTICA Y LITERATURA",807236
"ADMINISTRATIVO","12","ADMINISTRATIVO UNICIT","ADMINISTRATIVO UNICIT","UNIDAD DE PROYECTO UNICYT",721162
"ADMINISTRATIVO","15","SECRETARIA EJECUTIVA GERENCIAL","SECRETARIA ADMINISTRATIVA","DEPARTAMENTO DE EDUCACIÓN",910422
"TECNICO","20","TECNICO","TECNICO","FACULTAD DE QUIMICA Y BIOLOGIA",566776
"PROFESIONALES","8","INGENIERÍA DE EJECUCIÓN AGRÍCOLA CON MENCIÓN EN GANADERÍA","ANALISTA GEST. II COORD UNICIT","UNIDAD DE PROYECTO UNICYT",1701190
"PROFESOR HORAS CLASES","S/G","MAGISTER EN HISTORIA","HORAS CLASE","DEPTO DE HISTORIA",248723
"PROFESOR HORAS CLASES","S/G","MAGISTER EN ADMINISTRACION Y DIRECCION DE RRHH.","HORAS CLASE","PROGRAMA BACHILLERATO",448049
"ADMINISTRATIVO","17","OPERADOR DE CALDERA","OPERADOR DE CALDERA","DEPARTAMENTO DE DEPORTES",815719
"ADMINISTRATIVO","17","ADMINISTRATIVO REMUNERACIONES","ADMINISTRATIVO REMUNERACIONES","DPTO. DE RECURSOS HUMANOS",605004
"PROFESIONALES","8","TECNOLOGO EN ADMINISTRACION DE PERSONAL","JEFE DE SECCION","DEPTO. DESARROLLO DE PERSONAS",1827194
"ADMINISTRATIVO","17","SECRETARIA DE APOYO DOCENTE","SECRETARIA DE APOYO DOCENTE","ESCUELA DE MEDICINA",683353
"PROFESOR HORAS CLASES","S/G","HORAS CLASE","HORAS CLASE","DPTO LINGUISTICA Y LITERATURA",955862
"AUXILIARES","23","AUXILIAR","AUXILIAR","UNIDAD DE GESTION DEL CAMPUS",506774
"ADMINISTRATIVO","16","ADMINISTRATIVO DE PROCESO","ADMINISTRATIVO DE PROCESO","UNIDAD DE PROYECTO UNICYT",637683
"PROFESIONALES","13","MEDICO VETERINARIO","ANALISTA GEST. II COORD UNICIT","UNIDAD DE PROYECTO UNICYT",1188565
"PROFESOR HORAS CLASES","S/G","PROFESOR DE ESTADO EN MATEMATICA Y COMPUTACION","HORAS CLASE","DPTO MAT. Y CS. DE LA COMP.",448049
"ACADEMICOS","6","MAGISTER EN NEUROCIENCIA","ACADEMICO","VICERRECTORIA ACADÉMICA",2586621
"AUXILIARES","21","MAYORDOMO","MAYORDOMO","ESCUELA DE ARQUITECTURA",529318
"PROFESIONALES","8","TECNOLOGO EN ADMINISTRACION DE PERSONAL","JEFE DE AREA","UNIDAD DE ADQUISICIONES",1737191
"PROFESIONALES","14","INGENIERO DE EJECUCION EN INDUSTRIA","ANALISTA DE PROYECTOS","DPTO DE GESTIÓN DE LA INFRAEST",1147781
"TECNICO","19","AUXILIAR DE SERVICIOS","AUXILIAR DE SERVICIOS","DEPTO DE CALIDAD VIDA ESTUDIAN",769109
"ADMINISTRATIVO","15","SECRETARIA ADMINISTRATIVA","SECRETARIA ADMINISTRATIVA","DEPARTAMENTO DE EDUCACIÓN",833661
"PROFESIONALES","8","PROFESOR DE EDUCACION MEDIA EN FISICA Y CIENCIAS NATURALES","PROFESIONAL","DIRECCIÓN CALIDAD Y SISTEMAS",1949126
"TECNICO","17","TECNICO","TECNICO","ESCUELA DE MEDICINA",605004
"PROFESIONALES","5","INGENIERO COMERCIAL EN ADMINISTRACION DE EMPRESAS","ANALISTA DE LA CALIDAD","DIRECCIÓN CALIDAD Y SISTEMAS",2283075
"PROFESOR HORAS CLASES","S/G","HORAS CLASE","HORAS CLASE","DPTO MAT. Y CS. DE LA COMP.",1184845
"PROFESOR HORAS CLASES","S/G","ESPECIALISTA EN PSIQUIATRIA","HORAS CLASE","ESCUELA DE MEDICINA",257134
"PROFESIONALES","10","TECNOLOGO EN CONTROL INDUSTRIAL","ANALISTA DE LA CALIDAD","DIRECCIÓN CALIDAD Y SISTEMAS",1491171
"PROFESIONALES","14","PROFESOR DE ESTADO EN MATEMATICA Y COMPUTACION","ENCARGADO DE LABORATORIO","DPTO  INGENIERIA INDUSTRIAL",1449432
"ACADEMICOS","2","DOCTOR EN  CIENCIAS DE LA INGENIERIA MENCION CIENCIAS DE LOS MATERIALES","ACADEMICO","DPTO INGENIERIA METALURGICA",3932454
"ACADEMICOS","4","MASTER OF ENGINEERING","ACADEMICO","DPTO INGENIERIA EN MINAS",3382100
"TECNICO","19","ASISTENTE DE LABORATORIO","ASISTENTE DE LABORATORIO","CEUS LLANQUIHUE USACH",611968
"AUXILIARES","22","ESTAFETA","ESTAFETA","DPTO LINGUISTICA Y LITERATURA",582362
"PROFESOR HORAS CLASES","S/G","DOCTOR EN DERECHO","HORAS CLASE","DEPARTAMENTO DE FISICA",481271
"PROFESIONALES","12","INGENIERO DE EJECUCION EN AMBIENTE","ENCARGADO DE LABORATORIO","DPTO INGENIERIA GEOGRAFICA",1450042
"ADMINISTRATIVO","17","INGENIERO EN ADMINISTRACION DE EMPRESAS CON MENCION FINANZAS","ADMINISTRATIVO DE RECURSOS HUM","DPTO. DE RECURSOS HUMANOS",593503
"PROFESOR HORAS CLASES","S/G","ARQUITECTO","HORAS CLASE","ESCUELA DE ARQUITECTURA",262961
"ACADEMICOS","4","DOCTORIS PHILOSOPHIAE GRADVM","VICEDECANO INVEST FAC DE HUMAN","DEPARTAMENTO DE FILOSOFÍA",4224602
"ACADEMICOS","6","QUIMICO FARMACEUTICO","ACADEMICO","VICERRECTORIA ACADÉMICA",2532307
"PROFESOR HORAS CLASES","S/G","ADMINISTRADOR DE INDUSTRIAS","HORAS CLASE","DPTO INGENIERIA EN MINAS",303739
"PROFESOR HORAS CLASES","S/G","ADMINISTRADOR DE INDUSTRIAS","HORAS CLASE","DPTO. TECNOLOGIAS GENERALES",303739
"PROFESOR HORAS CLASES","S/G","ADMINISTRADOR DE INDUSTRIAS","HORAS CLASE","DPTO. TECNOLOGIAS GENERALES",614156
"PROFESOR HORAS CLASES","S/G","HORAS CLASE","HORAS CLASE","ESCUELA DE PERIODISMO",509746
"ADMINISTRATIVO","12","ADMINISTRACION DE EMPRESAS. MENCION PERSONAL","ENCARGADO(A) ADM CENTRO_COSTOS","SECRETARIA GENERAL",791795
"PROFESOR HORAS CLASES","S/G","MAGISTER EN PROCESAMIENTO Y GESTION DE LA INFORMACION","HORAS CLASE","DPTO INGENIERIA INFORMATICA",295770
"PROFESOR HORAS CLASES","S/G","HORAS CLASE","HORAS CLASE","DEPARTAMENTO DE FISICA",747041
"PROFESOR HORAS CLASES","S/G","PERIODISTA","HORAS CLASE","ESCUELA DE PERIODISMO",191994
"PROFESOR HORAS CLASES","S/G","EDUCADORA DE PARVULOS","HORAS CLASE","DEPARTAMENTO DE EDUCACIÓN",139567
"PROFESOR HORAS CLASES","S/G","EDUCADORA DE PARVULOS","HORAS CLASE","DEPARTAMENTO DE EDUCACIÓN",132886
"PROFESOR HORAS CLASES","S/G","EDUCADORA DE PARVULOS","HORAS CLASE","DEPARTAMENTO DE EDUCACIÓN",199328
"PROFESOR HORAS CLASES","S/G","MAGISTER EN EDUCACION CON MENCION EN ORIENTACION","HORAS CLASE","DEPARTAMENTO DE EDUCACIÓN",141940
"PROFESOR HORAS CLASES","S/G","MAGISTER EN EDUCACION CON MENCION EN ORIENTACION","HORAS CLASE","DEPARTAMENTO DE EDUCACIÓN",946808
"PROFESIONALES","8","TECNICO UNIVERSITARIO EN ADMINISTRACION DE MATERIALES","CAJERO","FACULTAD DE CIENCIA",1985299
"ADMINISTRATIVO","14","ADMINISTRATIVO","ADMINISTRATIVO","DIRECCIÓN DE POSTGRADO",761164
"PROFESIONALES","14","TECNOLOGO EN ADMINISTRACION DE PERSONAL","ANALISTA EN GESTION ADM.","FACULTAD DE CIENCIA",1312862
"ADMINISTRATIVO","17","TECNOLOGO EN ADMINISTRACION DE PERSONAL","ADMINISTRATIVO DE REGISTRO CUR","FACULTAD DE HUMANIDADES",740859
"TECNICO","20","AYUDANTE MAESTRO DE COCINA","AYUDANTE MAESTRO DE COCINA","UNIDAD ADM. SERV. ALIMENTARIOS",566776
"PROFESOR HORAS CLASES","S/G","MAGISTER EN LETRAS CON MENCION EN LINGUISTICA","HORAS CLASE","DPTO LINGUISTICA Y LITERATURA",1031796
"AUXILIARES","21","AUXILIAR DE SERVICIOS","AUXILIAR DE SERVICIOS","CECTA",731483
"PROFESIONALES","9","TECNOLOGO EN CONTROL INDUSTRIAL","ANALISTA DE GESTION DE PERSONA","DEPTO. DESARROLLO DE PERSONAS",1733682
"PROFESIONALES","9","MAGISTER EN ECONOMIA FINANCIERA","JEFE DE LABORATORIO","DPTO INGENIERIA OBRAS CIVILES",1796516
"TECNICO","17","FOTOGRAFIA PUBLICITARIA","FOTOGRAFO","DEPARTAMENTO DE COMUNICACIONES",758213
"PROFESOR HORAS CLASES","S/G","MAGISTER EN ECONOMIA FINANCIERA","JEFE DE LABORATORIO","DPTO  INGENIERIA INDUSTRIAL",911213
"PROFESOR HORAS CLASES","S/G","HORAS CLASE","HORAS CLASE","FACULTAD DE CIENCIAS MEDICAS",264069
"PROFESOR HORAS CLASES","S/G","PROFESOR DE EDUCACION MEDIA EN HISTORIA Y GEOGRAFIA","HORAS CLASE","DEPARTAMENTO DE EDUCACIÓN",252496
"PROFESOR HORAS CLASES","S/G","ADMINISTRADOR PUBLICO","HORAS CLASE","DPTO. TECNOLOGIAS GENERALES",538222
"PROFESOR HORAS CLASES","S/G","PROFESOR DE EDUCACION MEDIA EN HISTORIA Y GEOGRAFIA","HORAS CLASE","DEPARTAMENTO DE EDUCACIÓN",81938
"ADMINISTRATIVO","16","SECRETARIADO EJECUTIVO COMPUTACIONAL","SECRETARIA DE APOYO DOCENTE","ESCUELA DE MEDICINA",661500
"TECNICO","20","CHOFER","CHOFER","UNIDAD DE GESTION DEL CAMPUS",608752
"ADMINISTRATIVO","17","ANALISTA CONTABLE","ANALISTA CONTABLE","DEPTO. DE FINANZAS Y TESORERIA",903408
"ACADEMICOS","8","ABOGADO(A)","ACADEMICO","FACULTAD DE DERECHO",522642
"ACADEMICOS","6","DOCTOR EN QUIMICA","ACADEMICO","DPTO. QUIMICA DE LOS MATERIALE",2622706
"ACADEMICOS","4","MEDICO CIRUJANO","ACADEMICO","ESCUELA DE MEDICINA",2342422
"PROFESOR HORAS CLASES","S/G","INGENIERO CIVIL EN OBRAS CIVILES","HORAS CLASE","DPTO INGENIERIA OBRAS CIVILES",391098
"PROFESOR HORAS CLASES","S/G","INGENIERO DE EJECUCION EN GEOMENSURA","HORAS CLASE","DPTO INGENIERIA GEOGRAFICA",284651
"PROFESIONALES","8","INGENIERO DE EJECUCION EN COMPUTACION E INFORMATICA","ANALISTA INFORMATICO","FACULTAD DE INGENIERÍA",1912892
"PROFESOR HORAS CLASES","S/G","INGENIERO DE EJECUCION EN CLIMATIZACION","HORAS CLASE","DPTO INGENIERIA MECANICA",60218
"PROFESIONALES","9","INGENIERO DE EJECUCION EN ADMINISTRACION DE EMPRESAS","PROFESIONAL","VR INVEST. DESARR E INNOVACION",1812388
"PROFESOR HORAS CLASES","S/G","HORAS CLASE","HORAS CLASE","ESCUELA DE ARQUITECTURA",103043
"PROFESOR HORAS CLASES","S/G","MAGISTER EN PSICOLOGIA","HORAS CLASE","ESCUELA DE PSICOLOGIA",243977
"PROFESOR HORAS CLASES","S/G","PROFESOR DE ESTADO EN CASTELLANO","HORAS CLASE","DPTO LINGUISTICA Y LITERATURA",199407
"ACADEMICOS","6","ENFERMERA","ACADEMICO","ESCUELA DE ENFERMERIA",2640785
"PROFESOR HORAS CLASES","S/G","MAGISTER EN EDUCACION CON MENCION EN CURRICULUM Y EVALUACION","HORAS CLASE","DEPARTAMENTO DE EDUCACIÓN",423636
"PROFESOR HORAS CLASES","S/G","HORAS CLASE","HORAS CLASE","DPTO MAT. Y CS. DE LA COMP.",268593
"ADMINISTRATIVO","17","SECRETARIA DE APOYO DOCENTE","SECRETARIA DE APOYO DOCENTE","DPTO LINGUISTICA Y LITERATURA",593503
"PROFESIONALES","8","SOCIOLOGO","COORDINADOR DE PROYECTOS","CENTRO DE INTEGR ING SOCIEDAD",1718700
"PROFESOR HORAS CLASES","S/G","DOCTOR EN EDUCACION FISICA","HORAS CLASE","CARRERA LICEN CS. ACTIV. FISIC",855010
"PROFESOR HORAS CLASES","S/G","INGENIERO(A) DE EJECUCION EN ELECTRICIDAD","HORAS CLASE","DPTO. TECNOLOGIAS INDUSTRIALES",1202649
"PROFESOR HORAS CLASES","S/G","HORAS CLASE","HORAS CLASE","DPTO MAT. Y CS. DE LA COMP.",825989
"TECNICO","17","TECNICO","TECNICO","UNIDAD DE GESTION DEL CAMPUS",605004
"PROFESIONALES","13","DIRECTOR CORO USACH","DIRECTOR CORO USACH","DEPARTAMENTO DE EXTENSION",1201895
"PROFESIONALES","14","TECNOLOGO EN CONTROL INDUSTRIAL","ANALISTA","UNIDAD DE ADQUISICIONES",1147781
"ADMINISTRATIVO","16","ADMINISTRATIVO CONTABLE","ADMINISTRATIVO CONTABLE","ADM.GRAL. FONDO SOLIDARIO CRED",830920
"AUXILIARES","21","AUXILIAR DE SERVICIOS","AUXILIAR DE SERVICIOS","VR. DE APOYO AL ESTUDIANTE",506896
"ACADEMICOS","4","DOCTOR EN ESTUDIOS SOCIALES DE LA CIENCIA Y LA TECNOLOGIA","ACADEMICO","INSTITUTO DE ESTUDIOS AVANZADO",3192098
"PROFESOR HORAS CLASES","S/G","INGENIERO CIVIL DE INDUSTRIAL","HORAS CLASE","DPTO  INGENIERIA INDUSTRIAL",562622
"PROFESOR HORAS CLASES","S/G","PROFESOR DE MATEMATICAS","HORAS CLASE","DPTO MAT. Y CS. DE LA COMP.",1240616
"PROFESOR HORAS CLASES","S/G","DOCTOR EN MEDICINA Y CIRUGIA","HORAS CLASE","ESCUELA DE MEDICINA",465845
"PROFESOR HORAS CLASES","S/G","MATRON (A)","ACADEMICO","ESCUELA DE OBST Y PUERICULTURA",482354
"ACADEMICOS","6","MATRON (A)","ACADEMICO","VICERRECTORIA ACADÉMICA",1283494
"ACADEMICOS","6","DOCTOR EN CIENCIAS APLICADAS EN LA OPCION DE NANOCIENCIAS Y NANOTECNOLOGIAS","ACADEMICO","DEPARTAMENTO DE FISICA",2622706
"PROFESOR HORAS CLASES","S/G","PROFESOR DE ESTADO EN MATEMATICA Y COMPUTACION","HORAS CLASE","DPTO MAT. Y CS. DE LA COMP.",1012813
"ACADEMICOS","6","DOCTOR EN FÍSICA","ACADEMICO","DEPARTAMENTO DE FISICA",2640785
"ADMINISTRATIVO","12","SECRETARIA ADMINISTRATIVA","SECRETARIA ADMINISTRATIVA","DPTO  INGENIERIA INDUSTRIAL",805921
"PROFESOR HORAS CLASES","S/G","HORAS CLASE","HORAS CLASE","DPTO INGENIERIA EN MINAS",161113
"ACADEMICOS","4","MEDICO CIRUJANO","ACADEMICO","ESCUELA DE MEDICINA",1563654
"ACADEMICOS","6","DOCTOR EN FARMACOLOGIA","ACADEMICO","DPTO. DE INVEST. CIENTIFICA",2568466
"PROFESOR HORAS CLASES","S/G","PSICOLOGO","HORAS CLASE","ESCUELA DE ENFERMERIA",163878
"PROFESOR HORAS CLASES","S/G","PSICOLOGO","HORAS CLASE","UNIDAD PROMOCIÓN DE LA SALUD",252496
"PROFESOR HORAS CLASES","S/G","INGENIERO DE EJECUCION EN GEOMENSURA","HORAS CLASE","DPTO INGENIERIA GEOGRAFICA",58159
"ACADEMICOS","6","PSICOLOGO","DIRECTOR ESCUELA DE PSICOLOGIA","ESCUELA DE PSICOLOGIA",4205164
"PROFESIONALES","9","PROFESOR DE INGLES","JEFE DE SECCION","DPTO LINGUISTICA Y LITERATURA",1661214
"ADMINISTRATIVO","13","SECRETARIA DE DECANATO","SECRETARIA DE DECANATO","DPTO CONTABILIDAD Y AUDITOR",910153
"PROFESIONALES","12","RELACIONADOR PUBLICO","RELACIONADOR PUBLICO","DEPARTAMENTO DE COMUNICACIONES",1365283
"PROFESOR HORAS CLASES","S/G","MASTER EN DIRECCION DE ADMINISTRACION Y FINANZAS","HORAS CLASE","DPTO INGENIERIA MECANICA",391536
"PROFESOR HORAS CLASES","S/G","MASTER EN DIRECCION DE ADMINISTRACION Y FINANZAS","HORAS CLASE","DPTO DE ADMINISTRACION",659243
"PROFESIONALES","13","BIBLIOTECOLOGO CON MENCION EN AUTOMATIZACION DE UNIDADES DE INFORMACION","ENCARGADO DE ARCHIVO CENTRAL","SECRETARIA GENERAL",1228556
"PROFESOR HORAS CLASES","S/G","INGENIERO CIVIL MECANICO","HORAS CLASE","DPTO. TECNOLOGIAS INDUSTRIALES",1342896
"ACADEMICOS","6","ACADEMICO","ACADEMICO","DPTO. DE INVEST. CIENTIFICA",2532307
"ACADEMICOS","6","ABOGADO(A)","ACADEMICO","FACULTAD DE DERECHO",636049
"ACADEMICOS","4","MAGISTER EN CIENCIAS MENCION COMPUTACION","ACADEMICO","DPTO MAT. Y CS. DE LA COMP.",3339877
"PROFESOR HORAS CLASES","S/G","MAGISTER EN PEDAGOGIA UNIVERSITARIA","HORAS CLASE","DEPARTAMENTO DE BIOLOGIA",191994
"PROFESOR HORAS CLASES","S/G","HORAS CLASE","HORAS CLASE","UNIDAD PROMOCIÓN DE LA SALUD",101190
"PROFESOR HORAS CLASES","S/G","MAGISTER EN ARTES. CON MENCION EN TEORIA E HISTORIA DEL ARTE","HORAS CLASE","DPTO. TECNOLOGIAS GENERALES",614156
"PROFESIONALES","13","DOCTOR EN BIOTECNOLOGIA","ANALISTA DE GESTION II","USA 1977 PROG DE ACOMPAÑA",946966
"PROFESIONALES","6","MAGISTER EN PSICOLOGIA SOCIAL APLICADA","ANALISTA DE PROYECTOS I","DPTO  INGENIERIA INDUSTRIAL",2154449
"ADMINISTRATIVO","10","ADM ESPECIALIZADO EN PEOPLESOF","ADM ESPECIALIZADO EN PEOPLESOF","UNIDAD DESARR. PROYECTOS TECN.",890373
"PROFESOR HORAS CLASES","S/G","MAGISTER EN PSICOLOGIA SOCIAL APLICADA","ANALISTA DE PROYECTOS I","DPTO  INGENIERIA INDUSTRIAL",211257
"PROFESOR HORAS CLASES","S/G","DOCTOR EN BIOTECNOLOGIA","ANALISTA DE GESTION II","DPTO. QUIMICA DE LOS MATERIALE",531541
"PROFESOR HORAS CLASES","S/G","DOCTOR EN BIOTECNOLOGIA","ANALISTA DE GESTION II","DPTO. QUIMICA DE LOS MATERIALE",538222
"PROFESOR HORAS CLASES","S/G","MECANICA INDUSTRIAL","HORAS CLASE","DPTO. TECNOLOGIAS INDUSTRIALES",1012813
"PROFESIONALES","10","ANALISTA DE CALIDAD","ANALISTA DE CALIDAD","DIRECCIÓN CALIDAD Y SISTEMAS",1475252
"ADMINISTRATIVO","20","ADMINISTRATIVO DE APOYO","ADMINISTRATIVO DE APOYO","FACULTAD DE DERECHO",545788
"PROFESOR HORAS CLASES","S/G","INGENIERO CIVIL INDUSTRIAL","HORAS CLASE","DPTO  INGENIERIA INDUSTRIAL",59189
"PROFESOR HORAS CLASES","S/G","MASTER PRACTITIONER EN PROGRAMACION NEURO-LINGUISTICA","HORAS CLASE","DEPARTAMENTO DE EDUCACIÓN",1325047
"PROFESIONALES","8","KINESIOLOGO(A)","ANALISTA GEST. II COORD UNICIT","UNIDAD DE PROYECTO UNICYT",1701190
"ADMINISTRATIVO","12","ASISTENTE DE LABORATORIO","ASISTENTE DE LABORATORIO","VR. VINCULACION CON EL MEDIO",940377
"PROFESIONALES","13","PERIODISTA","PERIODISTA","DEPARTAMENTO DE COMUNICACIONES",1294520
"PROFESIONALES","13","BIOQUIMICO","ENCARGADO DE LABORATORIO","DEPARTAMENTO DE BIOLOGIA",700482
"PROFESOR HORAS CLASES","S/G","PROFESOR DE EDUCACION MEDIA EN FISICA Y CIENCIAS NATURALES","HORAS CLASE","DEPARTAMENTO DE FISICA",1031796
"ACADEMICOS","6","DOCTOR(A) EN ESTUDIOS AMERICANOS EN LA ESPECIALIDAD ESTUDIOS INTERNACIONALES","JEFE CARRER LIC LING APL TRADU","VICERRECTORIA ACADÉMICA",2889432
"PROFESOR HORAS CLASES","S/G","INGENIERO(A) DE EJECUCION EN ELECTRICIDAD","JEFE DE LABORATORIO","DPTO INGENIERIA ELECTRICA",308485
"PROFESIONALES","8","INGENIERO(A) DE EJECUCION EN ELECTRICIDAD","JEFE DE LABORATORIO","DPTO INGENIERIA ELECTRICA",1958099
"PROFESOR HORAS CLASES","S/G","INGENIERO(A) DE EJECUCION EN ELECTRICIDAD","JEFE DE LABORATORIO","DPTO INGENIERIA ELECTRICA",616967
"PROFESOR HORAS CLASES","S/G","KINESIOLOGO(A)","HORAS CLASE","FACULTAD DE CIENCIAS MEDICAS",161283
"PROFESIONALES","12","TECNOLOGO EN ADMINISTRACION DE PERSONAL","PROFESIONAL","UNIDAD DE ADQUISICIONES",1542118
"MEDICOS Y DENTISTAS","S/G","MEDICO CIRUJANO","MEDICO GINECOLOGO","CENTRO DE SALUD",366504
"TECNICO","18","TECNICO","TECNICO","DEPARTAMENTO DE EXTENSION",467599
"TECNICO","17","EJECUTIVO DE COBRANZAS","EJECUTIVO DE COBRANZAS","ADM.GRAL. FONDO SOLIDARIO CRED",720254
"ACADEMICOS","4","INGENIERO CIVIL EN ELECTRICIDAD","ACADEMICO","DPTO INGENIERIA ELECTRICA",1606647
"TECNICO","14","COMPRADOR","COMPRADOR","UNIDAD DE ADQUISICIONES",668676
"PROFESOR HORAS CLASES","S/G","MEDICO CIRUJANO","HORAS CLASE","FACULTAD DE CIENCIAS MEDICAS",125329
"ADMINISTRATIVO","16","CONTADOR GENERAL","ADMINISTRATIVO CONTABLE","VR INVEST. DESARR E INNOVACION",704530
"PROFESOR HORAS CLASES","S/G","PROFESOR DE EDUCACION MEDIA EN EDUCACION FÍSICA","ENTRENADOR DEPORTIVO","DEPARTAMENTO DE DEPORTES",308865
"PROFESIONALES","13","PROFESOR DE EDUCACION MEDIA EN EDUCACION FÍSICA","ENTRENADOR DEPORTIVO","DEPARTAMENTO DE DEPORTES",333539
"PROFESOR HORAS CLASES","S/G","BIOQUIMICO","HORAS CLASE","DEPARTAMENTO DE BIOLOGIA",258215
"PROFESOR HORAS CLASES","S/G","MAGISTER EN ESTADISTICA","HORAS CLASE","DPTO MAT. Y CS. DE LA COMP.",433811
"ADMINISTRATIVO","16","SECRETARIA DE DIRECCION","SECRETARIA DE DIRECCION","DPTO INGENIERIA OBRAS CIVILES",830283
"PROFESOR HORAS CLASES","S/G","GEOLOGO","HORAS CLASE","DPTO INGENIERIA GEOGRAFICA",993829
"PROFESOR HORAS CLASES","S/G","TECNICO SUPERIOR EN LA ESPECIALIDAD DE ELECTRONICA","HORAS CLASE","DPTO. TECNOLOGIAS INDUSTRIALES",114893
"PROFESOR HORAS CLASES","S/G","MEDICO CIRUJANO","HORAS CLASE","ESCUELA DE MEDICINA",448839
"PROFESOR HORAS CLASES","S/G","TECNICO SUPERIOR EN LA ESPECIALIDAD DE ELECTRONICA","HORAS CLASE","DPTO. TECNOLOGIAS INDUSTRIALES",121574
"PROFESOR HORAS CLASES","S/G","PROFESOR DE ESTADO EN INGLES","HORAS CLASE","DPTO LINGUISTICA Y LITERATURA",629335
"PROFESOR HORAS CLASES","S/G","PROFESOR DE ESTADO EN INGLES","HORAS CLASE","DPTO LINGUISTICA Y LITERATURA",207551
"PROFESOR HORAS CLASES","S/G","TECNICO SUPERIOR EN LA ESPECIALIDAD DE ELECTRONICA","HORAS CLASE","DPTO. TECNOLOGIAS INDUSTRIALES",344683
"TECNICO","18","MUSICO","MUSICO","DEPARTAMENTO DE EXTENSION",475930
"PROFESIONALES","8","PSICOLOGO","ANALISTA ACREDITACION CARRERA","DIRECCIÓN CALIDAD Y SISTEMAS",1701190
"ACADEMICOS","4","DOCTOR EN CIENCIAS MENCION FISICA","DIR DEPARTAMENTO DE FISICA","DEPARTAMENTO DE FISICA",4309047
"PROFESOR HORAS CLASES","S/G","ANTROPOLOGO","HORAS CLASE","FACULTAD DE CIENCIAS MEDICAS",161283
"PROFESOR HORAS CLASES","S/G","INGENIERO CIVIL EN INFORMATICA","HORAS CLASE","DPTO INGENIERIA INFORMATICA",512557
"ACADEMICOS","6","DOCTOR EN QUIMICA","ACADEMICO","DPTO. CIENCIAS DEL AMBIENTE",2640785
"ACADEMICOS","4","DOCTOR OF PHILOSOPHY","ACADEMICO","DPTO. DE INVEST. CIENTIFICA",3107653
"ADMINISTRATIVO","13","SECRETARIA DE VICEDECANATO","SECRETARIA DE VICEDECANATO","FACULTAD DE QUIMICA Y BIOLOGIA",887249
"PROFESIONALES","10","INGENIERO COMERCIAL","ENCARGO DE CONTROL Y GESTION","DEPTO. DE FINANZAS Y TESORERIA",1491171
"PROFESIONALES","13","ANALISTA EN POLITICAS Y ASUNTOS INTERNACIONALES","ANALISTA","FACULTAD DE HUMANIDADES",1215225
"PROFESOR HORAS CLASES","S/G","ANALISTA EN POLITICAS Y ASUNTOS INTERNACIONALES","ANALISTA","DEPTO DE HISTORIA",192726
"PROFESIONALES","8","PROFESOR DE EDUCACION MEDIA EN HISTORIA Y GEOGRAFIA","ANALISTA DE PROYECTOS","CITECAMP",1755192
"PROFESOR HORAS CLASES","S/G","MAGISTER EN ADMINISTRACION Y DIRECCION DE EMPRESAS","HORAS CLASE","DPTO  INGENIERIA INDUSTRIAL",777890
"AUXILIARES","23","AUXILIAR","AUXILIAR","UNIDAD DE GESTION DEL CAMPUS",506774
"PROFESOR HORAS CLASES","S/G","PROFESOR DE ESTADO EN MATEMATICA Y COMPUTACION","HORAS CLASE","DPTO MAT. Y CS. DE LA COMP.",616967
"PROFESOR HORAS CLASES","S/G","PROFESOR DE ESTADO EN MATEMATICA Y COMPUTACION","HORAS CLASE","DPTO MAT. Y CS. DE LA COMP.",623648
"ACADEMICOS","4","DOCTOR EN CIENCIAS DE LA EDUCACION","ACADEMICO","VICERRECTORIA ACADÉMICA",3086541
"ACADEMICOS","4","DOCTOR OF PHILOSOPHY","ACADEMICO","DPTO. DE INVEST. CIENTIFICA",1553140
"PROFESOR HORAS CLASES","S/G","INGENIERO(A) DE EJECUCION EN ELECTRICIDAD","HORAS CLASE","DPTO INGENIERIA ELECTRICA",154242
"PROFESOR HORAS CLASES","S/G","INGENIERO(A) DE EJECUCION EN ELECTRICIDAD","HORAS CLASE","DPTO INGENIERIA ELECTRICA",308485
"PROFESOR HORAS CLASES","S/G","MAGISTER EN PSICOLOGIA SOCIAL","HORAS CLASE","ESCUELA DE PSICOLOGIA",291436
"PROFESOR HORAS CLASES","S/G","INGENIERO(A) DE EJECUCION EN ELECTRICIDAD","HORAS CLASE","DPTO INGENIERIA ELECTRICA",462725
"PROFESOR HORAS CLASES","S/G","MAGISTER EN PSICOLOGIA SOCIAL","HORAS CLASE","ESCUELA DE PSICOLOGIA",142378
"PROFESOR HORAS CLASES","S/G","INGENIERO(A) DE EJECUCION EN ELECTRICIDAD","HORAS CLASE","DPTO INGENIERIA ELECTRICA",315166
"AUXILIARES","21","AUXILIAR DE SERVICIOS","AUXILIAR DE SERVICIOS","VR. DE APOYO AL ESTUDIANTE",529318
"PROFESOR HORAS CLASES","S/G","ENFERMERO","HORAS CLASE","ESCUELA DE ENFERMERIA",724030
"ACADEMICOS","6","ABOGADO(A)","DIRECTOR DEPTO DERECHO PUBLICO","FACULTAD DE DERECHO",4240831
"PROFESOR HORAS CLASES","S/G","PROFESOR DE EDUCACION MEDIA EN INGLES","HORAS CLASE","DPTO LINGUISTICA Y LITERATURA",167467
"PROFESOR HORAS CLASES","S/G","MEDICO CIRUJANO","HORAS CLASE","ESCUELA DE MEDICINA",914334
"ADMINISTRATIVO","17","SECRETARIA EJECUTIVA COMPUTACIONAL","SECRETARIO B","DIR. ASISTENCIA JURIDICA",593503
"ADMINISTRATIVO","17","SECRETARIA DE APOYO DOCENTE","SECRETARIA DE APOYO DOCENTE","DEPARTAMENTO DE FILOSOFÍA",687273
"ACADEMICOS","6","ABOGADO(A)","ACADEMICO","FACULTAD DE DERECHO",636049
"ADMINISTRATIVO","17","SECRETARIA DE APOYO DOCENTE","SECRETARIA DE APOYO DOCENTE","FACULTAD DE CIENCIAS MEDICAS",674012
"ACADEMICOS","6","MAGISTER EN CIENCIAS MENCION COMPUTACION","ACADEMICO","DPTO INGENIERIA INFORMATICA",2604626
"PROFESOR HORAS CLASES","S/G","INGENIERO COMERCIAL","HORAS CLASE","DPTO INGENIERIA ELECTRICA",490763
"PROFESOR HORAS CLASES","S/G","HORAS CLASE","HORAS CLASE","DPTO. CIENCIAS DEL AMBIENTE",243977
"PROFESOR HORAS CLASES","S/G","INGENIERO CIVIL EN ELECTRICIDAD","HORAS CLASE","DPTO INGENIERIA ELECTRICA",269217
"TECNICO","17","TECNICO ELECTRICO","TECNICO ELECTRICO","UNIDAD DE GESTION DEL CAMPUS",593503
"TECNICO","14","CONTADOR GENERAL CON MENCION EN TRIBUTARIA","ADMINISTRATIVO CONTABLE","UNIDAD BIENESTAR DEL PERSONAL",808454
"PROFESIONALES","13","PERIODISTA","ENCARGADA DE VINCULACION MEDIO","DEPARTAMENTO DE COMUNICACIONES",1201895
"PROFESIONALES","10","PROFESOR DE ESTADO DE CASTELLANO","JEFE DE SECCION","USA 1977 PROG DE ACOMPAÑA",1475252
"PROFESIONALES","10","PROFESOR DE ARTES MUSICALES PARA EDUCACION BASICA Y MEDIA","PROFESIONAL","PROGRAMA BACHILLERATO",744849
"PROFESOR HORAS CLASES","S/G","PROFESOR DE ARTES MUSICALES PARA EDUCACION BASICA Y MEDIA","PROFESIONAL","PROGRAMA BACHILLERATO",484082
"PROFESOR HORAS CLASES","S/G","ABOGADO(A)","HORAS CLASE","DPTO INGENIERIA EN MINAS",210525
"AUXILIARES","23","AUXILIAR","AUXILIAR","UNIDAD DE GESTION DEL CAMPUS",506774
"PROFESOR HORAS CLASES","S/G","HORAS CLASE","HORAS CLASE","DPTO INGENIERIA MECANICA",109636
"PROFESOR HORAS CLASES","S/G","HORAS CLASE","HORAS CLASE","DPTO  INGENIERIA INDUSTRIAL",323567
"PROFESOR HORAS CLASES","S/G","QUIMICA AMBIENTAL","HORAS CLASE","DPTO. QUIMICA DE LOS MATERIALE",322067
"PROFESOR HORAS CLASES","S/G","HORAS CLASE","HORAS CLASE","DEPARTAMENTO DE BIOLOGIA",635513
"PROFESOR HORAS CLASES","S/G","MATRON (A)","HORAS CLASE","ESCUELA DE OBST Y PUERICULTURA",674557
"PROFESOR HORAS CLASES","S/G","INGENIERO CIVIL ELECTRICISTA","HORAS CLASE","DPTO INGENIERIA ELECTRICA",315166
"ACADEMICOS","6","KINESIOLOGO(A)","ACADEMICO","VICERRECTORIA ACADÉMICA",1520687
"PROFESOR HORAS CLASES","S/G","HORAS CLASE","HORAS CLASE","DPTO MAT. Y CS. DE LA COMP.",1117426
"ACADEMICOS","6","DOCTEUR SPECIALITE SCIENCES MATHEMATIQUES","ACADEMICO","DPTO MAT. Y CS. DE LA COMP.",2568466
"PROFESOR HORAS CLASES","S/G","CONTADOR PUBLICO Y AUDITOR","HORAS CLASE","DPTO CONTABILIDAD Y AUDITOR",192203
"ACADEMICOS","6","MEDICO VETERINARIO","ACADEMICO","ESCUELA DE MEDICINA",1265414
"AUXILIARES","23","AUXILIAR","AUXILIAR","UNIDAD DE GESTION DEL CAMPUS",506774
"PROFESIONALES","10","INGENIERO CIVIL EN METALURGIA","ANALISTA DE PROYECTOS I","DPTO TRANSFERENCIA TECNOLOGICA",736890
"TECNICO","14","TECNICO UNIVERSITARIO EN ANALISIS QUIMICO Y FISICO","TECNICO DE LABORATORIO","DPTO. QUIMICA DE LOS MATERIALE",681497
"PROFESIONALES","8","INGENIERO DE EJECUCION EN ADMINISTRACION DE EMPRESAS","JEFE DE SECCION","DIRECCIÓN CALIDAD Y SISTEMAS",1881195
"PROFESIONALES","8","ABOGADO(A)","ABOGADO","DPTO TRANSFERENCIA TECNOLOGICA",849857
"ADMINISTRATIVO","17","SECRETARIA DPTO CALID VIDA EST","SECRETARIA DPTO CALID VIDA EST","UNIDAD PROMOCIÓN DE LA SALUD",836561
"ADMINISTRATIVO","15","TECNICO EN ATENCION SOCIAL ADMINISTRATIVA","SECRETARIA DE APOYO DOCENTE","DPTO INGENIERIA MECANICA",602277
"PROFESIONALES","13","MEDICO VETERINARIO","PROFESIONAL","UNIDAD DE GESTION DEL CAMPUS",1201895
"TECNICO","17","TECNICO","TECNICO","PROGRAMA BACHILLERATO",639508
"AUXILIARES","19","AUXILIAR DE SERVICIOS","AUXILIAR DE SERVICIOS","FACULTAD DE INGENIERÍA",769109
"ACADEMICOS","4","MAGISTER EN FILOSOFIA CON MENCION EN EPISTEMOLOGIA","ACADEMICO","DPTO. DE INVEST. CIENTIFICA",3065434
"PROFESOR HORAS CLASES","S/G","INGENIERO FISICO","JEFE DE LABORATORIO","DEPARTAMENTO DE FISICA",384417
"PROFESIONALES","10","INGENIERO FISICO","JEFE DE LABORATORIO","DEPARTAMENTO DE FISICA",1538927
"PROFESOR HORAS CLASES","S/G","INGENIERO FISICO","JEFE DE LABORATORIO","DEPARTAMENTO DE FISICA",384417
"ADMINISTRATIVO","11","TECNICO UNIVERSITARIO EN ELECTRICIDAD","ADMINISTRATIVO ESPECIALES","DEPTO. BENEFICIOS ESTUDIANTILE",866675
"ADMINISTRATIVO","17","SECRETARIA ADMINISTRATIVA","SECRETARIA ADMINISTRATIVA","ESCUELA DE OBST Y PUERICULTURA",758551
"ADMINISTRATIVO","12","ADM.  ACTIVACION Y SEGUIMIENTO","ADM.  ACTIVACION Y SEGUIMIENTO","UNIDAD DE CONSTRUCCIÓN",820048
"ACADEMICOS","6","CONSEJERO REPRESENTANTE DEPTO.","CONSEJERO REPRESENTANTE DEPTO.","VICERRECTORIA ACADÉMICA",2550387
"PROFESOR HORAS CLASES","S/G","DOCTOR EN QUIMICA","HORAS CLASE","DPTO. QUIMICA DE LOS MATERIALE",761279
